scientific_name_clean,scientific_name_raw,scientific_name_display,scientific_name_clean_original,merged_from_species,n_rows_collapsed,n_unique_input_species,routine_trichromacy,routine_trichromacy_conflict,diet_pct_fruit_eltontraits,diet_pct_fruit_n,diet_pct_fruit_min,diet_pct_fruit_max,max_longevity_years_pantheria,max_longevity_pantheria_n,included_in_core_non_nocturnal_build,included_in_core_conflict,order,order_conflict,foraging_stratum_eltontraits,foraging_stratum_conflict,abs_latitude_mid_dd,abs_latitude_mid_pantheria,lat_mid_dd_pantheria,lat_midrange_dd_pantheria,lat_min_dd_pantheria,lat_max_dd_pantheria
allenopithecus nigroviridis,Allenopithecus nigroviridis,Allenopithecus nigroviridis,allenopithecus nigroviridis,allenopithecus nigroviridis,1,1,1,FALSE,50,1,50,50,23,1,1,FALSE,Primates,FALSE,scansorial,FALSE,0.17,NA,-0.17,NA,-3.85,3.5
allocebus trichotis,Allocebus trichotis,Allocebus trichotis,allocebus trichotis,allocebus trichotis,1,1,0,FALSE,50,1,50,50,NA,0,1,FALSE,Primates,FALSE,arboreal,FALSE,16.59,NA,-16.59,NA,-19.18,-13.99
alouatta belzebul,Alouatta belzebul,Alouatta belzebul,alouatta belzebul,alouatta belzebul,1,1,1,FALSE,40,1,40,40,NA,0,1,FALSE,Primates,FALSE,arboreal,FALSE,6.8,NA,-6.8,NA,-13.69,0.08
alouatta caraya,Alouatta caraya,Alouatta caraya,alouatta caraya,alouatta caraya,1,1,1,FALSE,40,1,40,40,20.3,1,1,FALSE,Primates,FALSE,arboreal,FALSE,20.34,NA,-20.34,NA,-28.59,-12.1
alouatta coibensis,Alouatta coibensis,Alouatta coibensis,alouatta coibensis,alouatta coibensis,1,1,1,FALSE,40,1,40,40,NA,0,1,FALSE,Primates,FALSE,arboreal,FALSE,7.63,NA,7.63,NA,7.31,7.94
alouatta guariba,Alouatta guariba,Alouatta guariba,alouatta guariba,alouatta guariba,1,1,1,FALSE,40,1,40,40,NA,0,1,FALSE,Primates,FALSE,arboreal,FALSE,21.13,NA,-21.13,NA,-29.6,-12.66
alouatta macconnelli,Alouatta macconnelli,Alouatta macconnelli,alouatta macconnelli,alouatta macconnelli,1,1,1,FALSE,40,1,40,40,NA,0,1,FALSE,Primates,FALSE,arboreal,FALSE,2.57,NA,2.57,NA,-3.5,8.64
alouatta nigerrima,Alouatta nigerrima,Alouatta nigerrima,alouatta nigerrima,alouatta nigerrima,1,1,1,FALSE,40,1,40,40,NA,0,1,FALSE,Primates,FALSE,arboreal,FALSE,5.63,NA,-5.63,NA,-9.07,-2.19
alouatta palliata,Alouatta palliata,Alouatta palliata,alouatta palliata,alouatta palliata,1,1,1,FALSE,40,1,40,40,25,1,1,FALSE,Primates,FALSE,arboreal,FALSE,6.95,NA,6.95,NA,-4.8,18.71
alouatta pigra,Alouatta pigra,Alouatta pigra,alouatta pigra,alouatta pigra,1,1,1,FALSE,40,1,40,40,20,1,1,FALSE,Primates,FALSE,arboreal,FALSE,18.8,NA,18.8,NA,16,21.6
alouatta sara,Alouatta sara,Alouatta sara,alouatta sara,alouatta sara,1,1,1,FALSE,40,1,40,40,NA,0,1,FALSE,Primates,FALSE,arboreal,FALSE,14.72,NA,-14.72,NA,-19.49,-9.94
alouatta seniculus,Alouatta seniculus,Alouatta seniculus,alouatta seniculus,alouatta seniculus,1,1,1,FALSE,40,1,40,40,25,1,1,FALSE,Primates,FALSE,arboreal,FALSE,0.68,NA,0.68,NA,-10.84,12.2
ateles belzebuth,Ateles belzebuth,Ateles belzebuth,ateles belzebuth,ateles belzebuth,2,1,0,FALSE,60,1,60,60,28,1,1,FALSE,Primates,FALSE,arboreal,FALSE,2.5650000000000004,NA,-2.5650000000000004,NA,-6.91,1.77
ateles chamek,Ateles chamek,Ateles chamek,ateles chamek,ateles chamek,1,1,0,FALSE,60,1,60,60,NA,0,1,FALSE,Primates,FALSE,arboreal,FALSE,7.01,NA,-7.01,NA,-11.43,-2.58
ateles fusciceps,Ateles fusciceps,Ateles fusciceps,ateles fusciceps,ateles fusciceps,1,1,0,FALSE,60,1,60,60,24,1,1,FALSE,Primates,FALSE,arboreal,FALSE,6.44,NA,6.44,NA,1.77,11.11
ateles geoffroyi,Ateles geoffroyi,Ateles geoffroyi,ateles geoffroyi,ateles geoffroyi,1,1,0,FALSE,60,1,60,60,27.3,1,1,FALSE,Primates,FALSE,arboreal,FALSE,12.38,NA,12.38,NA,0.67,24.09
ateles hybridus,Ateles hybridus,Ateles hybridus,ateles hybridus,ateles hybridus,1,1,0,FALSE,60,1,60,60,NA,0,1,FALSE,Primates,FALSE,arboreal,FALSE,8.8,NA,8.8,NA,6.26,11.35
ateles paniscus,Ateles paniscus,Ateles paniscus,ateles paniscus,ateles paniscus,1,1,0,FALSE,60,1,60,60,37.8,1,1,FALSE,Primates,FALSE,arboreal,FALSE,2.06,NA,2.06,NA,-3.14,7.28
avahi occidentalis,Avahi occidentalis,Avahi occidentalis,avahi occidentalis,avahi occidentalis,1,1,0,FALSE,0,1,0,0,NA,0,1,FALSE,Primates,FALSE,arboreal,FALSE,17.38,NA,-17.38,NA,-19.15,-15.61
brachyteles arachnoides,Brachyteles arachnoides,Brachyteles arachnoides,brachyteles arachnoides,brachyteles arachnoides,1,1,0,FALSE,20,1,20,20,NA,0,1,FALSE,Primates,FALSE,arboreal,FALSE,22.66,NA,-22.66,NA,-23.11,-22.21
brachyteles hypoxanthus,Brachyteles hypoxanthus,Brachyteles hypoxanthus,brachyteles hypoxanthus,brachyteles hypoxanthus,1,1,0,FALSE,20,1,20,20,NA,0,1,FALSE,Primates,FALSE,arboreal,FALSE,20.51,NA,-20.51,NA,-20.89,-20.13
bunopithecus hoolock,Bunopithecus hoolock,Bunopithecus hoolock,bunopithecus hoolock,bunopithecus hoolock,1,1,1,FALSE,70,1,70,70,NA,0,1,FALSE,Primates,FALSE,arboreal,FALSE,23.44,NA,23.44,NA,19.08,27.8
cacajao calvus,Cacajao calvus,Cacajao calvus,cacajao calvus,cacajao calvus,1,1,0,FALSE,70,1,70,70,27,1,1,FALSE,Primates,FALSE,arboreal,FALSE,5.73,NA,-5.73,NA,-9.62,-1.84
cacajao melanocephalus,Cacajao melanocephalus,Cacajao melanocephalus,cacajao melanocephalus,cacajao melanocephalus,1,1,0,FALSE,70,1,70,70,18,1,1,FALSE,Primates,FALSE,arboreal,FALSE,0.53,NA,0.53,NA,-2.95,4.03
callicebus baptista,Callicebus baptista,Callicebus baptista,callicebus baptista,callicebus baptista,1,1,0,FALSE,70,1,70,70,NA,0,1,FALSE,Primates,FALSE,arboreal,FALSE,3.16,NA,-3.16,NA,-3.95,-2.37
callicebus barbarabrownae,Callicebus barbarabrownae,Callicebus barbarabrownae,callicebus barbarabrownae,callicebus barbarabrownae,1,1,0,FALSE,50,1,50,50,NA,0,1,FALSE,Primates,FALSE,arboreal,FALSE,10.8,NA,-10.8,NA,-13.02,-8.57
callicebus bernhardi,Callicebus bernhardi,Callicebus bernhardi,callicebus bernhardi,callicebus bernhardi,1,1,0,FALSE,50,1,50,50,NA,0,1,FALSE,Primates,FALSE,arboreal,FALSE,NA,NA,NA,NA,NA,NA
callicebus brunneus,Callicebus brunneus,Callicebus brunneus,callicebus brunneus,callicebus brunneus,1,1,0,FALSE,50,1,50,50,NA,0,1,FALSE,Primates,FALSE,arboreal,FALSE,10.07,NA,-10.07,NA,-12.33,-7.82
callicebus caligatus,Callicebus caligatus,Callicebus caligatus,callicebus caligatus,callicebus caligatus,1,1,0,FALSE,50,1,50,50,NA,0,1,FALSE,Primates,FALSE,arboreal,FALSE,NA,NA,NA,NA,NA,NA
callicebus cinerascens,Callicebus cinerascens,Callicebus cinerascens,callicebus cinerascens,callicebus cinerascens,1,1,0,FALSE,50,1,50,50,NA,0,1,FALSE,Primates,FALSE,arboreal,FALSE,8.39,NA,-8.39,NA,-12.46,-4.32
callicebus coimbrai,Callicebus coimbrai,Callicebus coimbrai,callicebus coimbrai,callicebus coimbrai,1,1,0,FALSE,50,1,50,50,NA,0,1,FALSE,Primates,FALSE,arboreal,FALSE,10.81,NA,-10.81,NA,-11.61,-10.01
callicebus cupreus,Callicebus cupreus,Callicebus cupreus,callicebus cupreus,callicebus cupreus,1,1,0,FALSE,50,1,50,50,NA,0,1,FALSE,Primates,FALSE,arboreal,FALSE,6.58,NA,-6.58,NA,-10.67,-2.5
callicebus discolor,Callicebus discolor,Callicebus discolor,callicebus discolor,callicebus discolor,1,1,0,FALSE,50,1,50,50,NA,0,1,FALSE,Primates,FALSE,arboreal,FALSE,NA,NA,NA,NA,NA,NA
callicebus donacophilus,Callicebus donacophilus,Callicebus donacophilus,callicebus donacophilus,callicebus donacophilus,1,1,0,FALSE,50,1,50,50,NA,0,1,FALSE,Primates,FALSE,arboreal,FALSE,15.87,NA,-15.87,NA,-21.29,-10.45
callicebus dubius,Callicebus dubius,Callicebus dubius,callicebus dubius,callicebus dubius,1,1,0,FALSE,50,1,50,50,NA,0,1,FALSE,Primates,FALSE,arboreal,FALSE,NA,NA,NA,NA,NA,NA
callicebus hoffmannsi,Callicebus hoffmannsi,Callicebus hoffmannsi,callicebus hoffmannsi,callicebus hoffmannsi,1,1,0,FALSE,50,1,50,50,NA,0,1,FALSE,Primates,FALSE,arboreal,FALSE,3.97,NA,-3.97,NA,-6,-1.95
callicebus lucifer,Callicebus lucifer,Callicebus lucifer,callicebus lucifer,callicebus lucifer,1,1,0,FALSE,50,1,50,50,NA,0,1,FALSE,Primates,FALSE,arboreal,FALSE,NA,NA,NA,NA,NA,NA
callicebus lugens,Callicebus lugens,Callicebus lugens,callicebus lugens,callicebus lugens,1,1,0,FALSE,50,1,50,50,NA,0,1,FALSE,Primates,FALSE,arboreal,FALSE,NA,NA,NA,NA,NA,NA
callicebus medemi,Callicebus medemi,Callicebus medemi,callicebus medemi,callicebus medemi,1,1,0,FALSE,50,1,50,50,NA,0,1,FALSE,Primates,FALSE,arboreal,FALSE,0.35,NA,-0.35,NA,-1.66,0.95
callicebus melanochir,Callicebus melanochir,Callicebus melanochir,callicebus melanochir,callicebus melanochir,1,1,0,FALSE,50,1,50,50,NA,0,1,FALSE,Primates,FALSE,arboreal,FALSE,15.5,NA,-15.5,NA,-18.16,-12.83
callicebus modestus,Callicebus modestus,Callicebus modestus,callicebus modestus,callicebus modestus,1,1,0,FALSE,50,1,50,50,NA,0,1,FALSE,Primates,FALSE,arboreal,FALSE,14.96,NA,-14.96,NA,-15.67,-14.25
callicebus moloch,Callicebus moloch,Callicebus moloch,callicebus moloch,callicebus moloch,1,1,0,FALSE,50,1,50,50,25.3,1,1,FALSE,Primates,FALSE,arboreal,FALSE,7.7,NA,-7.7,NA,-14.1,-1.3
callicebus nigrifrons,Callicebus nigrifrons,Callicebus nigrifrons,callicebus nigrifrons,callicebus nigrifrons,1,1,0,FALSE,50,1,50,50,NA,0,1,FALSE,Primates,FALSE,arboreal,FALSE,20.4,NA,-20.4,NA,-24.44,-16.37
callicebus oenanthe,Callicebus oenanthe,Callicebus oenanthe,callicebus oenanthe,callicebus oenanthe,1,1,0,FALSE,50,1,50,50,NA,0,1,FALSE,Primates,FALSE,arboreal,FALSE,5.57,NA,-5.57,NA,-5.98,-5.16
callicebus olallae,Callicebus olallae,Callicebus olallae,callicebus olallae,callicebus olallae,1,1,0,FALSE,50,1,50,50,NA,0,1,FALSE,Primates,FALSE,arboreal,FALSE,14.96,NA,-14.96,NA,-15.67,-14.25
callicebus ornatus,Callicebus ornatus,Callicebus ornatus,callicebus ornatus,callicebus ornatus,1,1,0,FALSE,70,1,70,70,NA,0,1,FALSE,Primates,FALSE,arboreal,FALSE,3.28,NA,3.28,NA,2.18,4.38
callicebus pallescens,Callicebus pallescens,Callicebus pallescens,callicebus pallescens,callicebus pallescens,1,1,0,FALSE,50,1,50,50,NA,0,1,FALSE,Primates,FALSE,arboreal,FALSE,18.84,NA,-18.84,NA,-21.29,-16.39
callicebus personatus,Callicebus personatus,Callicebus personatus,callicebus personatus,callicebus personatus,1,1,0,FALSE,50,1,50,50,NA,0,1,FALSE,Primates,FALSE,arboreal,FALSE,19.25,NA,-19.25,NA,-22.48,-16.02
callicebus purinus,Callicebus purinus,Callicebus purinus,callicebus purinus,callicebus purinus,1,1,0,FALSE,50,1,50,50,NA,0,1,FALSE,Primates,FALSE,arboreal,FALSE,NA,NA,NA,NA,NA,NA
callicebus regulus,Callicebus regulus,Callicebus regulus,callicebus regulus,callicebus regulus,1,1,0,FALSE,50,1,50,50,NA,0,1,FALSE,Primates,FALSE,arboreal,FALSE,NA,NA,NA,NA,NA,NA
callicebus stephennashi,Callicebus stephennashi,Callicebus stephennashi,callicebus stephennashi,callicebus stephennashi,1,1,0,FALSE,50,1,50,50,NA,0,1,FALSE,Primates,FALSE,arboreal,FALSE,NA,NA,NA,NA,NA,NA
callicebus torquatus,Callicebus torquatus,Callicebus torquatus,callicebus torquatus,callicebus torquatus,1,1,0,FALSE,50,1,50,50,NA,0,1,FALSE,Primates,FALSE,arboreal,FALSE,NA,NA,NA,NA,NA,NA
callimico goeldii,Callimico goeldii,Callimico goeldii,callimico goeldii,callimico goeldii,1,1,0,FALSE,50,1,50,50,17.900000000000002,1,1,FALSE,Primates,FALSE,arboreal,FALSE,5.33,NA,-5.33,NA,-11.64,0.97
callithrix acariensis,Callithrix acariensis,Callithrix acariensis,callithrix acariensis,callithrix acariensis,1,1,0,FALSE,30,1,30,30,NA,0,1,FALSE,Primates,FALSE,arboreal,FALSE,9.62,NA,-9.62,NA,-11.18,-8.06
callithrix argentata,Callithrix argentata,Callithrix argentata,callithrix argentata,callithrix argentata,1,1,0,FALSE,60,1,60,60,16.8,1,1,FALSE,Primates,FALSE,arboreal,FALSE,3.09,NA,-3.09,NA,-5.09,-1.09
callithrix aurita,Callithrix aurita,Callithrix aurita,callithrix aurita,callithrix aurita,1,1,0,FALSE,30,1,30,30,NA,0,1,FALSE,Primates,FALSE,arboreal,FALSE,23.15,NA,-23.15,NA,-24.65,-21.66
callithrix chrysoleuca,Callithrix chrysoleuca,Callithrix chrysoleuca,callithrix chrysoleuca,callithrix chrysoleuca,1,1,0,FALSE,30,1,30,30,NA,0,1,FALSE,Primates,FALSE,arboreal,FALSE,5.77,NA,-5.77,NA,-8.03,-3.51
callithrix emiliae,Callithrix emiliae,Callithrix emiliae,callithrix emiliae,callithrix emiliae,1,1,0,FALSE,30,1,30,30,NA,0,1,FALSE,Primates,FALSE,arboreal,FALSE,9.52,NA,-9.52,NA,-13.49,-5.54
callithrix flaviceps,Callithrix flaviceps,Callithrix flaviceps,callithrix flaviceps,callithrix flaviceps,1,1,0,FALSE,30,1,30,30,NA,0,1,FALSE,Primates,FALSE,arboreal,FALSE,21.16,NA,-21.16,NA,-21.92,-20.39
callithrix geoffroyi,Callithrix geoffroyi,Callithrix geoffroyi,callithrix geoffroyi,callithrix geoffroyi,1,1,0,FALSE,30,1,30,30,NA,0,1,FALSE,Primates,FALSE,arboreal,FALSE,18.99,NA,-18.99,NA,-21.07,-16.9
callithrix humeralifera,Callithrix humeralifera,Callithrix humeralifera,callithrix humeralifera,callithrix humeralifera,1,1,0,FALSE,60,1,60,60,15,1,1,FALSE,Primates,FALSE,arboreal,FALSE,5.36,NA,-5.36,NA,-8.45,-2.27
callithrix humilis,Callithrix humilis,Callithrix humilis,callithrix humilis,callithrix humilis,1,1,0,FALSE,30,1,30,30,NA,0,1,FALSE,Primates,FALSE,arboreal,FALSE,6.45,NA,-6.45,NA,-7.65,-5.25
callithrix intermedia,Callithrix intermedia,Callithrix intermedia,callithrix intermedia,callithrix intermedia,1,1,0,FALSE,30,1,30,30,NA,0,1,FALSE,Primates,FALSE,arboreal,FALSE,8.04,NA,-8.04,NA,-11.95,-4.13
callithrix jacchus,Callithrix jacchus,Callithrix jacchus,callithrix jacchus,callithrix jacchus,1,1,0,FALSE,30,1,30,30,16.8,1,1,FALSE,Primates,FALSE,arboreal,FALSE,6.58,NA,-6.58,NA,-10.38,-2.78
callithrix kuhlii,Callithrix kuhlii,Callithrix kuhlii,callithrix kuhlii,callithrix kuhlii,1,1,0,FALSE,30,1,30,30,NA,0,1,FALSE,Primates,FALSE,arboreal,FALSE,15.62,NA,-15.62,NA,-16.84,-14.4
callithrix leucippe,Callithrix leucippe,Callithrix leucippe,callithrix leucippe,callithrix leucippe,1,1,0,FALSE,40,1,40,40,NA,0,1,FALSE,Primates,FALSE,arboreal,FALSE,4.63,NA,-4.63,NA,-5.41,-3.85
callithrix manicorensis,Callithrix manicorensis,Callithrix manicorensis,callithrix manicorensis,callithrix manicorensis,1,1,0,FALSE,30,1,30,30,NA,0,1,FALSE,Primates,FALSE,arboreal,FALSE,6.48,NA,-6.48,NA,-7.64,-5.31
callithrix marcai,Callithrix marcai,Callithrix marcai,callithrix marcai,callithrix marcai,1,1,0,FALSE,30,1,30,30,NA,0,1,FALSE,Primates,FALSE,arboreal,FALSE,9.95,NA,-9.95,NA,-12.06,-7.83
callithrix mauesi,Callithrix mauesi,Callithrix mauesi,callithrix mauesi,callithrix mauesi,1,1,0,FALSE,30,1,30,30,NA,0,1,FALSE,Primates,FALSE,arboreal,FALSE,3.2,NA,-3.2,NA,-3.45,-2.95
callithrix melanura,Callithrix melanura,Callithrix melanura,callithrix melanura,callithrix melanura,1,1,0,FALSE,40,1,40,40,NA,0,1,FALSE,Primates,FALSE,arboreal,FALSE,14.23,NA,-14.23,NA,-19.88,-8.59
callithrix nigriceps,Callithrix nigriceps,Callithrix nigriceps,callithrix nigriceps,callithrix nigriceps,1,1,0,FALSE,0,1,0,0,NA,0,1,FALSE,Primates,FALSE,arboreal,FALSE,7.49,NA,-7.49,NA,-8.8,-6.18
callithrix penicillata,Callithrix penicillata,Callithrix penicillata,callithrix penicillata,callithrix penicillata,1,1,0,FALSE,30,1,30,30,NA,0,1,FALSE,Primates,FALSE,arboreal,FALSE,12.68,NA,-12.68,NA,-23.03,-2.32
callithrix pygmaea,Callithrix pygmaea,Callithrix pygmaea,callithrix pygmaea,callithrix pygmaea,1,1,0,FALSE,0,1,0,0,15.1,1,1,FALSE,Primates,FALSE,arboreal,FALSE,5.96,NA,-5.96,NA,-12.52,0.59
callithrix saterei,Callithrix saterei,Callithrix saterei,callithrix saterei,callithrix saterei,1,1,0,FALSE,30,1,30,30,NA,0,1,FALSE,Primates,FALSE,arboreal,FALSE,5.14,NA,-5.14,NA,-6.34,-3.94
cebus albifrons,Cebus albifrons,Cebus albifrons,cebus albifrons,cebus albifrons,1,1,0,FALSE,20,1,20,20,44,1,1,FALSE,Primates,FALSE,arboreal,FALSE,0.82,NA,-0.82,NA,-13.21,11.56
cebus apella,Cebus apella,Cebus apella,cebus apella,cebus apella,1,1,0,FALSE,20,1,20,20,45.1,1,1,FALSE,Primates,FALSE,arboreal,FALSE,10.77,NA,-10.77,NA,-28.66,7.12
cebus capucinus,Cebus capucinus,Cebus capucinus,cebus capucinus,cebus capucinus,1,1,0,FALSE,20,1,20,20,54.8,1,1,FALSE,Primates,FALSE,arboreal,FALSE,8.74,NA,8.74,NA,1.46,16.02
cebus kaapori,Cebus kaapori,Cebus kaapori,cebus kaapori,cebus kaapori,1,1,0,FALSE,70,1,70,70,NA,0,1,FALSE,Primates,FALSE,arboreal,FALSE,3,NA,-3,NA,-4.16,-1.84
cebus libidinosus,Cebus libidinosus,Cebus libidinosus,cebus libidinosus,cebus libidinosus,1,1,0,FALSE,40,1,40,40,NA,0,1,FALSE,Primates,FALSE,arboreal,FALSE,18.08,NA,-18.08,NA,-21.99,-14.16
cebus nigritus,Cebus nigritus,Cebus nigritus,cebus nigritus,cebus nigritus,1,1,0,FALSE,40,1,40,40,44,1,1,FALSE,Primates,FALSE,arboreal,FALSE,23.1,NA,-23.1,NA,-29.8,-16.41
cebus olivaceus,Cebus olivaceus,Cebus olivaceus,cebus olivaceus,cebus olivaceus,1,1,0,FALSE,20,1,20,20,41,1,1,FALSE,Primates,FALSE,arboreal,FALSE,4.78,NA,4.78,NA,-1.8,11.37
cebus xanthosternos,Cebus xanthosternos,Cebus xanthosternos,cebus xanthosternos,cebus xanthosternos,1,1,0,FALSE,40,1,40,40,NA,0,1,FALSE,Primates,FALSE,arboreal,FALSE,14.09,NA,-14.09,NA,-15.16,-13.02
cercocebus agilis,Cercocebus agilis,Cercocebus agilis,cercocebus agilis,cercocebus agilis,1,1,1,FALSE,70,1,70,70,NA,0,1,FALSE,Primates,FALSE,arboreal,FALSE,3.9,NA,3.9,NA,-1.04,8.86
cercocebus atys,Cercocebus atys,Cercocebus atys,cercocebus atys,cercocebus atys,1,1,1,FALSE,40,1,40,40,26.8,1,1,FALSE,Primates,FALSE,arboreal,FALSE,7.92,NA,7.92,NA,4.35,11.49
cercocebus chrysogaster,Cercocebus chrysogaster,Cercocebus chrysogaster,cercocebus chrysogaster,cercocebus chrysogaster,1,1,1,FALSE,70,1,70,70,NA,0,1,FALSE,Primates,FALSE,arboreal,FALSE,2.7,NA,-2.7,NA,-7,1.6
cercocebus galeritus,Cercocebus galeritus,Cercocebus galeritus,cercocebus galeritus,cercocebus galeritus,1,1,1,FALSE,70,1,70,70,21,1,1,FALSE,Primates,FALSE,arboreal,FALSE,2.1,NA,-2.1,NA,-3.29,-0.92
cercocebus sanjei,Cercocebus sanjei,Cercocebus sanjei,cercocebus sanjei,cercocebus sanjei,1,1,1,FALSE,70,1,70,70,NA,0,1,FALSE,Primates,FALSE,arboreal,FALSE,8.63,NA,-8.63,NA,-9.94,-7.32
cercocebus torquatus,Cercocebus torquatus,Cercocebus torquatus,cercocebus torquatus,cercocebus torquatus,1,1,1,FALSE,70,1,70,70,30,1,1,FALSE,Primates,FALSE,arboreal,FALSE,4.2,NA,4.2,NA,-2.58,10.99
cercopithecus albogularis,Cercopithecus albogularis,Cercopithecus albogularis,cercopithecus albogularis,cercopithecus albogularis,1,1,1,FALSE,50,1,50,50,NA,0,1,FALSE,Primates,FALSE,arboreal,FALSE,12.6,NA,-12.6,NA,-33,7.78
cercopithecus ascanius,Cercopithecus ascanius,Cercopithecus ascanius,cercopithecus ascanius,cercopithecus ascanius,1,1,1,FALSE,50,1,50,50,28.3,1,1,FALSE,Primates,FALSE,arboreal,FALSE,2.71,NA,-2.71,NA,-12.21,6.79
cercopithecus campbelli,Cercopithecus campbelli,Cercopithecus campbelli,cercopithecus campbelli,cercopithecus campbelli,1,1,1,FALSE,50,1,50,50,33,1,1,FALSE,Primates,FALSE,arboreal,FALSE,8.53,NA,8.53,NA,4.35,12.7
cercopithecus cephus,Cercopithecus cephus,Cercopithecus cephus,cercopithecus cephus,cercopithecus cephus,1,1,1,FALSE,50,1,50,50,23,1,1,FALSE,Primates,FALSE,arboreal,FALSE,0.42,NA,-0.42,NA,-6.05,5.2
cercopithecus denti,Cercopithecus denti,Cercopithecus denti,cercopithecus denti,cercopithecus denti,1,1,1,FALSE,50,1,50,50,NA,0,1,FALSE,Primates,FALSE,arboreal,FALSE,0.55,NA,0.55,NA,-3.05,4.16
cercopithecus diana,Cercopithecus diana,Cercopithecus diana,cercopithecus diana,cercopithecus diana,1,1,1,FALSE,50,1,50,50,37.3,1,1,FALSE,Primates,FALSE,arboreal,FALSE,6.65,NA,6.65,NA,4.35,8.95
cercopithecus doggetti,Cercopithecus doggetti,Cercopithecus doggetti,cercopithecus doggetti,cercopithecus doggetti,1,1,1,FALSE,50,1,50,50,NA,0,1,FALSE,Primates,FALSE,arboreal,FALSE,2.3,NA,-2.3,NA,-4.02,-0.57
cercopithecus dryas,Cercopithecus dryas,Cercopithecus dryas,cercopithecus dryas,cercopithecus dryas,1,1,1,FALSE,50,1,50,50,NA,0,1,FALSE,Primates,FALSE,arboreal,FALSE,1.59,NA,-1.59,NA,-4.14,0.95
cercopithecus erythrogaster,Cercopithecus erythrogaster,Cercopithecus erythrogaster,cercopithecus erythrogaster,cercopithecus erythrogaster,1,1,1,FALSE,50,1,50,50,NA,0,1,FALSE,Primates,FALSE,arboreal,FALSE,6.06,NA,6.06,NA,4.45,7.66
cercopithecus erythrotis,Cercopithecus erythrotis,Cercopithecus erythrotis,cercopithecus erythrotis,cercopithecus erythrotis,1,1,1,FALSE,50,1,50,50,NA,0,1,FALSE,Primates,FALSE,arboreal,FALSE,4.97,NA,4.97,NA,3.2,6.74
cercopithecus hamlyni,Cercopithecus hamlyni,Cercopithecus hamlyni,cercopithecus hamlyni,cercopithecus hamlyni,1,1,1,FALSE,50,1,50,50,NA,0,1,FALSE,Primates,FALSE,arboreal,FALSE,1.75,NA,-1.75,NA,-6.02,2.5
cercopithecus kandti,Cercopithecus kandti,Cercopithecus kandti,cercopithecus kandti,cercopithecus kandti,1,1,1,FALSE,60,1,60,60,NA,0,1,FALSE,Primates,FALSE,arboreal,FALSE,2.16,NA,-2.16,NA,-2.98,-1.33
cercopithecus lhoesti,Cercopithecus lhoesti,Cercopithecus lhoesti,cercopithecus lhoesti,cercopithecus lhoesti,1,1,1,FALSE,50,1,50,50,16,1,1,FALSE,Primates,FALSE,arboreal,FALSE,1.13,NA,-1.13,NA,-6.02,3.74
cercopithecus lowei,Cercopithecus lowei,Cercopithecus lowei,cercopithecus lowei,cercopithecus lowei,1,1,1,FALSE,50,1,50,50,NA,0,1,FALSE,Primates,FALSE,arboreal,FALSE,6.3,NA,6.3,NA,4.37,8.23
cercopithecus mitis,Cercopithecus mitis,Cercopithecus mitis,cercopithecus mitis,cercopithecus mitis,1,1,1,FALSE,50,1,50,50,27.1,1,1,FALSE,Primates,FALSE,arboreal,FALSE,1.9,NA,-1.9,NA,-15.82,12
cercopithecus mona,Cercopithecus mona,Cercopithecus mona,cercopithecus mona,cercopithecus mona,1,1,1,FALSE,50,1,50,50,30,1,1,FALSE,Primates,FALSE,arboreal,FALSE,6.83,NA,6.83,NA,3.58,10.08
cercopithecus neglectus,Cercopithecus neglectus,Cercopithecus neglectus,cercopithecus neglectus,cercopithecus neglectus,1,1,1,FALSE,50,1,50,50,26.3,1,1,FALSE,Primates,FALSE,arboreal,FALSE,1.11,NA,-1.11,NA,-10.71,8.48
cercopithecus nictitans,Cercopithecus nictitans,Cercopithecus nictitans,cercopithecus nictitans,cercopithecus nictitans,1,1,1,FALSE,50,1,50,50,23,1,1,FALSE,Primates,FALSE,arboreal,FALSE,1.69,NA,1.69,NA,-6.05,9.44
cercopithecus petaurista,Cercopithecus petaurista,Cercopithecus petaurista,cercopithecus petaurista,cercopithecus petaurista,1,1,1,FALSE,30,1,30,30,19,1,1,FALSE,Primates,FALSE,arboreal,FALSE,8.93,NA,8.93,NA,4.35,13.52
cercopithecus pogonias,Cercopithecus pogonias,Cercopithecus pogonias,cercopithecus pogonias,cercopithecus pogonias,1,1,1,FALSE,50,1,50,50,24.1,1,1,FALSE,Primates,FALSE,arboreal,FALSE,1.53,NA,1.53,NA,-6.05,9.13
cercopithecus preussi,Cercopithecus preussi,Cercopithecus preussi,cercopithecus preussi,cercopithecus preussi,1,1,1,FALSE,50,1,50,50,NA,0,1,FALSE,Primates,FALSE,arboreal,FALSE,4.78,NA,4.78,NA,3.14,6.42
cercopithecus roloway,Cercopithecus roloway,Cercopithecus roloway,cercopithecus roloway,cercopithecus roloway,1,1,1,FALSE,50,1,50,50,NA,0,1,FALSE,Primates,FALSE,arboreal,FALSE,5.97,NA,5.97,NA,4.73,7.2
cercopithecus sclateri,Cercopithecus sclateri,Cercopithecus sclateri,cercopithecus sclateri,cercopithecus sclateri,1,1,1,FALSE,50,1,50,50,NA,0,1,FALSE,Primates,FALSE,arboreal,FALSE,5.4,NA,5.4,NA,4.37,6.44
cercopithecus solatus,Cercopithecus solatus,Cercopithecus solatus,cercopithecus solatus,cercopithecus solatus,1,1,1,FALSE,50,1,50,50,NA,0,1,FALSE,Primates,FALSE,arboreal,FALSE,0.8,NA,-0.8,NA,-1.58,-0.03
cercopithecus wolfi,Cercopithecus wolfi,Cercopithecus wolfi,cercopithecus wolfi,cercopithecus wolfi,1,1,1,FALSE,70,1,70,70,NA,0,1,FALSE,Primates,FALSE,arboreal,FALSE,1.87,NA,-1.87,NA,-7.77,4.01
chiropotes albinasus,Chiropotes albinasus,Chiropotes albinasus,chiropotes albinasus,chiropotes albinasus,1,1,0,FALSE,40,1,40,40,17,1,1,FALSE,Primates,FALSE,arboreal,FALSE,8.41,NA,-8.41,NA,-15.04,-1.78
chiropotes chiropotes,Chiropotes chiropotes,Chiropotes chiropotes,chiropotes chiropotes,chiropotes chiropotes,1,1,0,FALSE,70,1,70,70,NA,0,1,FALSE,Primates,FALSE,arboreal,FALSE,NA,NA,NA,NA,NA,NA
chiropotes israelita,Chiropotes israelita,Chiropotes israelita,chiropotes israelita,chiropotes israelita,1,1,0,FALSE,70,1,70,70,NA,0,1,FALSE,Primates,FALSE,arboreal,FALSE,NA,NA,NA,NA,NA,NA
chiropotes satanas,Chiropotes satanas,Chiropotes satanas,chiropotes satanas,chiropotes satanas,1,1,0,FALSE,40,1,40,40,18,1,1,FALSE,Primates,FALSE,arboreal,FALSE,NA,NA,NA,NA,NA,NA
chiropotes utahickae,Chiropotes utahickae,Chiropotes utahickae,chiropotes utahickae,chiropotes utahickae,1,1,0,FALSE,30,1,30,30,NA,0,1,FALSE,Primates,FALSE,arboreal,FALSE,NA,NA,NA,NA,NA,NA
chlorocebus aethiops,Chlorocebus aethiops,Chlorocebus aethiops,chlorocebus aethiops,chlorocebus aethiops,1,1,1,FALSE,40,1,40,40,31.6,1,1,FALSE,Primates,FALSE,scansorial,FALSE,12.6,NA,12.6,NA,5.71,19.5
chlorocebus cynosuros,Chlorocebus cynosuros,Chlorocebus cynosuros,chlorocebus cynosuros,chlorocebus cynosuros,1,1,1,FALSE,40,1,40,40,NA,0,1,FALSE,Primates,FALSE,scansorial,FALSE,10.22,NA,-10.22,NA,-19.05,-1.38
chlorocebus djamdjamensis,Chlorocebus djamdjamensis,Chlorocebus djamdjamensis,chlorocebus djamdjamensis,chlorocebus djamdjamensis,1,1,1,FALSE,10,1,10,10,NA,0,1,FALSE,Primates,FALSE,scansorial,FALSE,6.7,NA,6.7,NA,5.5,7.91
chlorocebus pygerythrus,Chlorocebus pygerythrus,Chlorocebus pygerythrus,chlorocebus pygerythrus,chlorocebus pygerythrus,1,1,1,FALSE,40,1,40,40,NA,0,1,FALSE,Primates,FALSE,scansorial,FALSE,13.19,NA,-13.19,NA,-34.83,8.45
chlorocebus sabaeus,Chlorocebus sabaeus,Chlorocebus sabaeus,chlorocebus sabaeus,chlorocebus sabaeus,1,1,1,FALSE,40,1,40,40,NA,0,1,FALSE,Primates,FALSE,scansorial,FALSE,11.44,NA,11.44,NA,6.19,16.7
chlorocebus tantalus,Chlorocebus tantalus,Chlorocebus tantalus,chlorocebus tantalus,chlorocebus tantalus,1,1,1,FALSE,50,1,50,50,NA,0,1,FALSE,Primates,FALSE,scansorial,FALSE,7.17,NA,7.17,NA,-2.71,17.07
colobus angolensis,Colobus angolensis,Colobus angolensis,colobus angolensis,colobus angolensis,1,1,1,FALSE,30,1,30,30,NA,0,1,FALSE,Primates,FALSE,arboreal,FALSE,4.16,NA,-4.16,NA,-12.71,4.38
colobus guereza,Colobus guereza,Colobus guereza,colobus guereza,colobus guereza,1,1,1,FALSE,30,1,30,30,24.5,1,1,FALSE,Primates,FALSE,arboreal,FALSE,5.15,NA,5.15,NA,-4.09,14.41
colobus polykomos,Colobus polykomos,Colobus polykomos,colobus polykomos,colobus polykomos,1,1,1,FALSE,30,1,30,30,30.5,1,1,FALSE,Primates,FALSE,arboreal,FALSE,9.06,NA,9.06,NA,4.35,13.78
colobus satanas,Colobus satanas,Colobus satanas,colobus satanas,colobus satanas,1,1,1,FALSE,30,1,30,30,NA,0,1,FALSE,Primates,FALSE,arboreal,FALSE,1.97,NA,1.97,NA,-1.2,5.15
colobus vellerosus,Colobus vellerosus,Colobus vellerosus,colobus vellerosus,colobus vellerosus,1,1,1,FALSE,30,1,30,30,NA,0,1,FALSE,Primates,FALSE,arboreal,FALSE,7.44,NA,7.44,NA,4.73,10.15
erythrocebus patas,Erythrocebus patas,Erythrocebus patas,erythrocebus patas,erythrocebus patas,1,1,1,FALSE,40,1,40,40,23.9,1,1,FALSE,Primates,FALSE,ground,FALSE,7.97,NA,7.97,NA,-3.98,19.93
eulemur albifrons,Eulemur albifrons,Eulemur albifrons,eulemur albifrons,eulemur albifrons,1,1,0,FALSE,40,1,40,40,NA,0,1,FALSE,Primates,FALSE,arboreal,FALSE,15.5,NA,-15.5,NA,-17.37,-13.62
eulemur albocollaris,Eulemur albocollaris,Eulemur albocollaris,eulemur albocollaris,eulemur albocollaris,1,1,0,FALSE,80,1,80,80,NA,0,1,FALSE,Primates,FALSE,arboreal,FALSE,22.9,NA,-22.9,NA,-23.14,-22.66
eulemur cinereiceps,Eulemur cinereiceps,Eulemur cinereiceps,eulemur cinereiceps,eulemur cinereiceps,1,1,0,FALSE,80,1,80,80,NA,0,1,FALSE,Primates,FALSE,arboreal,FALSE,13.37,NA,-13.37,NA,-13.42,-13.31
eulemur collaris,Eulemur collaris,Eulemur collaris,eulemur collaris,eulemur collaris,1,1,0,FALSE,100,1,100,100,NA,0,1,FALSE,Primates,FALSE,arboreal,FALSE,24.08,NA,-24.08,NA,-25.17,-22.98
eulemur coronatus,Eulemur coronatus,Eulemur coronatus,eulemur coronatus,eulemur coronatus,1,1,0,FALSE,30,1,30,30,18.4,1,1,FALSE,Primates,FALSE,arboreal,FALSE,13.06,NA,-13.06,NA,-13.81,-12.3
eulemur fulvus,Eulemur fulvus,Eulemur fulvus,eulemur fulvus,eulemur fulvus,1,1,0,FALSE,30,1,30,30,37,1,1,FALSE,Primates,FALSE,arboreal,FALSE,16.64,NA,-16.64,NA,-19.99,-13.29
eulemur macaco,Eulemur macaco,Eulemur macaco,eulemur macaco,eulemur macaco,1,1,0,FALSE,30,1,30,30,30,1,1,FALSE,Primates,FALSE,arboreal,FALSE,13.94,NA,-13.94,NA,-14.58,-13.31
eulemur mongoz,Eulemur mongoz,Eulemur mongoz,eulemur mongoz,eulemur mongoz,1,1,0,FALSE,20,1,20,20,30,1,1,FALSE,Primates,FALSE,arboreal,FALSE,16.11,NA,-16.11,NA,-16.54,-15.68
eulemur rubriventer,Eulemur rubriventer,Eulemur rubriventer,eulemur rubriventer,eulemur rubriventer,1,1,0,FALSE,30,1,30,30,NA,0,1,FALSE,Primates,FALSE,arboreal,FALSE,18.45,NA,-18.45,NA,-23.11,-13.8
eulemur rufus,Eulemur rufus,Eulemur rufus,eulemur rufus,eulemur rufus,1,1,0,FALSE,30,1,30,30,NA,0,1,FALSE,Primates,FALSE,arboreal,FALSE,19.51,NA,-19.51,NA,-23.08,-15.93
eulemur sanfordi,Eulemur sanfordi,Eulemur sanfordi,eulemur sanfordi,eulemur sanfordi,1,1,0,FALSE,80,1,80,80,NA,0,1,FALSE,Primates,FALSE,arboreal,FALSE,12.78,NA,-12.78,NA,-13.31,-12.25
gorilla beringei,Gorilla beringei,Gorilla beringei,gorilla beringei,gorilla beringei,1,1,1,FALSE,10,1,10,10,NA,0,1,FALSE,Primates,FALSE,ground,FALSE,1.78,NA,-1.78,NA,-3.82,0.25
gorilla gorilla,Gorilla gorilla,Gorilla gorilla,gorilla gorilla,gorilla gorilla,1,1,1,FALSE,10,1,10,10,54,1,1,FALSE,Primates,FALSE,ground,FALSE,0.88,NA,0.88,NA,-6.05,7.82
hapalemur alaotrensis,Hapalemur alaotrensis,Hapalemur alaotrensis,hapalemur alaotrensis,hapalemur alaotrensis,1,1,0,FALSE,0,1,0,0,NA,0,1,FALSE,Primates,FALSE,arboreal,FALSE,17.5,NA,-17.5,NA,-17.68,-17.32
hapalemur aureus,Hapalemur aureus,Hapalemur aureus,hapalemur aureus,hapalemur aureus,1,1,0,FALSE,0,1,0,0,NA,0,1,FALSE,Primates,FALSE,arboreal,FALSE,21.66,NA,-21.66,NA,-22.59,-20.72
hapalemur griseus,Hapalemur griseus,Hapalemur griseus,hapalemur griseus,hapalemur griseus,1,1,0,FALSE,0,1,0,0,17.099999999999998,1,1,FALSE,Primates,FALSE,arboreal,FALSE,19.45,NA,-19.45,NA,-25.16,-13.75
hapalemur occidentalis,Hapalemur occidentalis,Hapalemur occidentalis,hapalemur occidentalis,hapalemur occidentalis,1,1,0,FALSE,0,1,0,0,NA,0,1,FALSE,Primates,FALSE,arboreal,FALSE,16.32,NA,-16.32,NA,-19.47,-13.18
homo sapiens,Homo sapiens,Homo sapiens,homo sapiens,homo sapiens,1,1,1,FALSE,60,1,60,60,122.5,1,1,FALSE,Primates,FALSE,ground,FALSE,NA,NA,NA,NA,NA,NA
hylobates agilis,Hylobates agilis,Hylobates agilis,hylobates agilis,hylobates agilis,1,1,1,FALSE,70,1,70,70,44,1,1,FALSE,Primates,FALSE,arboreal,FALSE,0.16,NA,0.16,NA,-5.94,6.27
hylobates albibarbis,Hylobates albibarbis,Hylobates albibarbis,hylobates albibarbis,hylobates albibarbis,1,1,1,FALSE,70,1,70,70,NA,0,1,FALSE,Primates,FALSE,arboreal,FALSE,1.63,NA,-1.63,NA,-3.57,0.29
hylobates klossii,Hylobates klossii,Hylobates klossii,hylobates klossii,hylobates klossii,1,1,1,FALSE,70,1,70,70,NA,0,1,FALSE,Primates,FALSE,arboreal,FALSE,2.13,NA,-2.13,NA,-3.34,-0.91
hylobates lar,Hylobates lar,Hylobates lar,hylobates lar,hylobates lar,1,1,1,FALSE,70,1,70,70,40,1,1,FALSE,Primates,FALSE,arboreal,FALSE,13.68,NA,13.68,NA,1.87,25.5
hylobates moloch,Hylobates moloch,Hylobates moloch,hylobates moloch,hylobates moloch,1,1,1,FALSE,70,1,70,70,NA,0,1,FALSE,Primates,FALSE,arboreal,FALSE,7,NA,-7,NA,-7.52,-6.49
hylobates muelleri,Hylobates muelleri,Hylobates muelleri,hylobates muelleri,hylobates muelleri,1,1,1,FALSE,70,1,70,70,NA,0,1,FALSE,Primates,FALSE,arboreal,FALSE,1.13,NA,1.13,NA,-4.18,6.45
hylobates pileatus,Hylobates pileatus,Hylobates pileatus,hylobates pileatus,hylobates pileatus,1,1,1,FALSE,70,1,70,70,36,1,1,FALSE,Primates,FALSE,arboreal,FALSE,12.92,NA,12.92,NA,10.48,15.35
indri indri,Indri indri,Indri indri,indri indri,indri indri,1,1,0,FALSE,30,1,30,30,NA,0,1,FALSE,Primates,FALSE,arboreal,FALSE,17.23,NA,-17.23,NA,-19.81,-14.65
lagothrix cana,Lagothrix cana,Lagothrix cana,lagothrix cana,lagothrix cana,1,1,0,FALSE,70,1,70,70,NA,0,1,FALSE,Primates,FALSE,arboreal,FALSE,8.39,NA,-8.39,NA,-14.39,-2.38
lagothrix lagotricha,Lagothrix lagotricha,Lagothrix lagotricha,lagothrix lagotricha,lagothrix lagotricha,1,1,0,FALSE,70,1,70,70,30,1,1,FALSE,Primates,FALSE,arboreal,FALSE,0.02,NA,0.02,NA,-4.2,4.25
lagothrix lugens,Lagothrix lugens,Lagothrix lugens,lagothrix lugens,lagothrix lugens,1,1,0,FALSE,70,1,70,70,NA,0,1,FALSE,Primates,FALSE,arboreal,FALSE,3.55,NA,3.55,NA,-0.15,7.25
lagothrix poeppigii,Lagothrix poeppigii,Lagothrix poeppigii,lagothrix poeppigii,lagothrix poeppigii,1,1,0,FALSE,70,1,70,70,NA,0,1,FALSE,Primates,FALSE,arboreal,FALSE,5.22,NA,-5.22,NA,-10.58,0.12
lemur catta,Lemur catta,Lemur catta,lemur catta,lemur catta,1,1,0,FALSE,80,1,80,80,30,1,1,FALSE,Primates,FALSE,scansorial,FALSE,23.05,NA,-23.05,NA,-25.6,-20.49
leontopithecus caissara,Leontopithecus caissara,Leontopithecus caissara,leontopithecus caissara,leontopithecus caissara,1,1,0,FALSE,50,1,50,50,NA,0,1,FALSE,Primates,FALSE,arboreal,FALSE,25.68,NA,-25.68,NA,-26.09,-25.28
leontopithecus chrysomelas,Leontopithecus chrysomelas,Leontopithecus chrysomelas,leontopithecus chrysomelas,leontopithecus chrysomelas,1,1,0,FALSE,50,1,50,50,NA,0,1,FALSE,Primates,FALSE,arboreal,FALSE,15.01,NA,-15.01,NA,-16.03,-13.99
leontopithecus chrysopygus,Leontopithecus chrysopygus,Leontopithecus chrysopygus,leontopithecus chrysopygus,leontopithecus chrysopygus,1,1,0,FALSE,50,1,50,50,NA,0,1,FALSE,Primates,FALSE,arboreal,FALSE,21.99,NA,-21.99,NA,-23.58,-20.39
leontopithecus rosalia,Leontopithecus rosalia,Leontopithecus rosalia,leontopithecus rosalia,leontopithecus rosalia,1,1,0,FALSE,50,1,50,50,24.8,1,1,FALSE,Primates,FALSE,arboreal,FALSE,22.1,NA,-22.1,NA,-22.99,-21.2
lophocebus albigena,Lophocebus albigena,Lophocebus albigena,lophocebus albigena,lophocebus albigena,1,1,1,FALSE,50,1,50,50,32.7,1,1,FALSE,Primates,FALSE,arboreal,FALSE,0.22,NA,0.22,NA,-6.02,6.46
lophocebus aterrimus,Lophocebus aterrimus,Lophocebus aterrimus,lophocebus aterrimus,lophocebus aterrimus,1,1,1,FALSE,40,1,40,40,26.8,1,1,FALSE,Primates,FALSE,arboreal,FALSE,1.65,NA,-1.65,NA,-5.3,1.99
lophocebus opdenboschi,Lophocebus opdenboschi,Lophocebus opdenboschi,lophocebus opdenboschi,lophocebus opdenboschi,1,1,1,FALSE,40,1,40,40,NA,0,1,FALSE,Primates,FALSE,arboreal,FALSE,4.7,NA,-4.7,NA,-6.26,-3.13
macaca arctoides,Macaca arctoides,Macaca arctoides,macaca arctoides,macaca arctoides,1,1,1,FALSE,30,1,30,30,30,1,1,FALSE,Primates,FALSE,scansorial,FALSE,17.16,NA,17.16,NA,5.87,28.45
macaca assamensis,Macaca assamensis,Macaca assamensis,macaca assamensis,macaca assamensis,1,1,1,FALSE,30,1,30,30,NA,0,1,FALSE,Primates,FALSE,scansorial,FALSE,23.01,NA,23.01,NA,14.93,31.08
macaca cyclopis,Macaca cyclopis,Macaca cyclopis,macaca cyclopis,macaca cyclopis,1,1,1,FALSE,30,1,30,30,NA,0,1,FALSE,Primates,FALSE,scansorial,FALSE,23.91,NA,23.91,NA,22.96,24.86
macaca fascicularis,Macaca fascicularis,Macaca fascicularis,macaca fascicularis,macaca fascicularis,1,1,1,FALSE,40,1,40,40,38,1,1,FALSE,Primates,FALSE,scansorial,FALSE,4.13,NA,4.13,NA,-10.37,18.65
macaca fuscata,Macaca fuscata,Macaca fuscata,macaca fuscata,macaca fuscata,1,1,1,FALSE,30,1,30,30,33,1,1,FALSE,Primates,FALSE,scansorial,FALSE,35.88,NA,35.88,NA,30.22,41.54
macaca hecki,Macaca hecki,Macaca hecki,macaca hecki,macaca hecki,1,1,1,FALSE,60,1,60,60,NA,0,1,FALSE,Primates,FALSE,scansorial,FALSE,0.64,NA,0.64,NA,-0.06,1.35
macaca leonina,Macaca leonina,Macaca leonina,macaca leonina,macaca leonina,1,1,1,FALSE,80,1,80,80,NA,0,1,FALSE,Primates,FALSE,scansorial,FALSE,17.59,NA,17.59,NA,8,27.19
macaca maura,Macaca maura,Macaca maura,macaca maura,macaca maura,1,1,1,FALSE,30,1,30,30,NA,0,1,FALSE,Primates,FALSE,scansorial,FALSE,4.98,NA,-4.98,NA,-5.7,-4.25
macaca mulatta,Macaca mulatta,Macaca mulatta,macaca mulatta,macaca mulatta,1,1,1,FALSE,30,1,30,30,36,1,1,FALSE,Primates,FALSE,scansorial,FALSE,25.07,NA,25.07,NA,13.69,36.45
macaca nemestrina,Macaca nemestrina,Macaca nemestrina,macaca nemestrina,macaca nemestrina,1,1,1,FALSE,70,1,70,70,34.300000000000004,1,1,FALSE,Primates,FALSE,scansorial,FALSE,3.04,NA,3.04,NA,-4.89,10.98
macaca nigra,Macaca nigra,Macaca nigra,macaca nigra,macaca nigra,1,1,1,FALSE,70,1,70,70,18,1,1,FALSE,Primates,FALSE,scansorial,FALSE,1.01,NA,1.01,NA,0.27,1.75
macaca nigrescens,Macaca nigrescens,Macaca nigrescens,macaca nigrescens,macaca nigrescens,1,1,1,FALSE,80,1,80,80,NA,0,1,FALSE,Primates,FALSE,scansorial,FALSE,0.61,NA,0.61,NA,0.27,0.96
macaca ochreata,Macaca ochreata,Macaca ochreata,macaca ochreata,macaca ochreata,1,1,1,FALSE,30,1,30,30,NA,0,1,FALSE,Primates,FALSE,scansorial,FALSE,4.7,NA,-4.7,NA,-5.7,-3.7
macaca pagensis,Macaca pagensis,Macaca pagensis,macaca pagensis,macaca pagensis,1,1,1,FALSE,60,1,60,60,30,1,1,FALSE,Primates,FALSE,scansorial,FALSE,2.68,NA,-2.68,NA,-3.34,-2.02
macaca radiata,Macaca radiata,Macaca radiata,macaca radiata,macaca radiata,1,1,1,FALSE,30,1,30,30,30,1,1,FALSE,Primates,FALSE,scansorial,FALSE,14.59,NA,14.59,NA,8.06,21.12
macaca siberu,Macaca siberu,Macaca siberu,macaca siberu,macaca siberu,1,1,1,FALSE,60,1,60,60,NA,0,1,FALSE,Primates,FALSE,scansorial,FALSE,1.36,NA,-1.36,NA,-1.81,-0.91
macaca silenus,Macaca silenus,Macaca silenus,macaca silenus,macaca silenus,1,1,1,FALSE,30,1,30,30,40,1,1,FALSE,Primates,FALSE,scansorial,FALSE,13.19,NA,13.19,NA,10.21,16.17
macaca sinica,Macaca sinica,Macaca sinica,macaca sinica,macaca sinica,1,1,1,FALSE,30,1,30,30,35,1,1,FALSE,Primates,FALSE,scansorial,FALSE,7.87,NA,7.87,NA,5.91,9.83
macaca sylvanus,Macaca sylvanus,Macaca sylvanus,macaca sylvanus,macaca sylvanus,1,1,1,FALSE,30,1,30,30,22,1,1,FALSE,Primates,FALSE,scansorial,FALSE,34.21,NA,34.21,NA,31.5,36.92
macaca thibetana,Macaca thibetana,Macaca thibetana,macaca thibetana,macaca thibetana,1,1,1,FALSE,30,1,30,30,NA,0,1,FALSE,Primates,FALSE,scansorial,FALSE,28.38,NA,28.38,NA,23.72,33.04
macaca tonkeana,Macaca tonkeana,Macaca tonkeana,macaca tonkeana,macaca tonkeana,1,1,1,FALSE,30,1,30,30,NA,0,1,FALSE,Primates,FALSE,scansorial,FALSE,1.1,NA,-1.1,NA,-3.57,1.35
mandrillus leucophaeus,Mandrillus leucophaeus,Mandrillus leucophaeus,mandrillus leucophaeus,mandrillus leucophaeus,1,1,1,FALSE,40,1,40,40,33.4,1,1,FALSE,Primates,FALSE,scansorial,FALSE,5.21,NA,5.21,NA,3.2,7.22
mandrillus sphinx,Mandrillus sphinx,Mandrillus sphinx,mandrillus sphinx,mandrillus sphinx,1,1,1,FALSE,40,1,40,40,46.330000000000005,1,1,FALSE,Primates,FALSE,scansorial,FALSE,0.76,NA,-0.76,NA,-6.01,4.49
miopithecus ogouensis,Miopithecus ogouensis,Miopithecus ogouensis,miopithecus ogouensis,miopithecus ogouensis,1,1,1,FALSE,80,1,80,80,NA,0,1,FALSE,Primates,FALSE,arboreal,FALSE,0.62,NA,-0.62,NA,-5.28,4.03
miopithecus talapoin,Miopithecus talapoin,Miopithecus talapoin,miopithecus talapoin,miopithecus talapoin,1,1,1,FALSE,50,1,50,50,30.9,1,1,FALSE,Primates,FALSE,arboreal,FALSE,7.68,NA,-7.68,NA,-12.37,-3
nasalis larvatus,Nasalis larvatus,Nasalis larvatus,nasalis larvatus,nasalis larvatus,1,1,1,FALSE,20,1,20,20,21,1,1,FALSE,Primates,FALSE,scansorial,FALSE,1.42,NA,1.42,NA,-4.18,7.03
nomascus concolor,Nomascus concolor,Nomascus concolor,nomascus concolor,nomascus concolor,1,1,1,FALSE,80,1,80,80,44.1,1,1,FALSE,Primates,FALSE,arboreal,FALSE,22.7,NA,22.7,NA,20.09,25.32
nomascus gabriellae,Nomascus gabriellae,Nomascus gabriellae,nomascus gabriellae,nomascus gabriellae,1,1,1,FALSE,80,1,80,80,NA,0,1,FALSE,Primates,FALSE,arboreal,FALSE,11.75,NA,11.75,NA,9.61,13.89
nomascus hainanus,Nomascus hainanus,Nomascus hainanus,nomascus hainanus,nomascus hainanus,1,1,1,FALSE,80,1,80,80,NA,0,1,FALSE,Primates,FALSE,arboreal,FALSE,20.63,NA,20.63,NA,18.5,22.77
nomascus leucogenys,Nomascus leucogenys,Nomascus leucogenys,nomascus leucogenys,nomascus leucogenys,1,1,1,FALSE,80,1,80,80,NA,0,1,FALSE,Primates,FALSE,arboreal,FALSE,20.91,NA,20.91,NA,18.07,23.75
nomascus siki,Nomascus siki,Nomascus siki,nomascus siki,nomascus siki,1,1,1,FALSE,80,1,80,80,NA,0,1,FALSE,Primates,FALSE,arboreal,FALSE,17.56,NA,17.56,NA,15.35,19.77
oreonax flavicauda,Oreonax flavicauda,Oreonax flavicauda,oreonax flavicauda,oreonax flavicauda,1,1,0,FALSE,70,1,70,70,NA,0,1,FALSE,Primates,FALSE,arboreal,FALSE,7.89,NA,-7.89,NA,-9.51,-6.26
pan paniscus,Pan paniscus,Pan paniscus,pan paniscus,pan paniscus,1,1,1,FALSE,60,1,60,60,48,1,1,FALSE,Primates,FALSE,scansorial,FALSE,1.66,NA,-1.66,NA,-5,1.67
pan troglodytes,Pan troglodytes,Pan troglodytes,pan troglodytes,pan troglodytes,1,1,1,FALSE,60,1,60,60,60,1,1,FALSE,Primates,FALSE,scansorial,FALSE,2.2,NA,2.2,NA,-8.72,13.13
papio anubis,Papio anubis,Papio anubis,papio anubis,papio anubis,1,1,1,FALSE,20,1,20,20,25.2,1,1,FALSE,Primates,FALSE,ground,FALSE,8.04,NA,8.04,NA,-5.8,21.89
papio cynocephalus,Papio cynocephalus,Papio cynocephalus,papio cynocephalus,papio cynocephalus,1,1,1,FALSE,20,1,20,20,45,1,1,FALSE,Primates,FALSE,ground,FALSE,5.96,NA,-5.96,NA,-18.92,6.99
papio hamadryas,Papio hamadryas,Papio hamadryas,papio hamadryas,papio hamadryas,1,1,1,FALSE,0,1,0,0,37.5,1,1,FALSE,Primates,FALSE,ground,FALSE,12.72,NA,12.72,NA,8.03,17.42
papio papio,Papio papio,Papio papio,papio papio,papio papio,1,1,1,FALSE,20,1,20,20,40,1,1,FALSE,Primates,FALSE,ground,FALSE,10.83,NA,10.83,NA,8.51,13.16
papio ursinus,Papio ursinus,Papio ursinus,papio ursinus,papio ursinus,1,1,1,FALSE,40,1,40,40,45,1,1,FALSE,Primates,FALSE,ground,FALSE,24.42,NA,-24.42,NA,-34.83,-14.01
phaner furcifer,Phaner furcifer,Phaner furcifer,phaner furcifer,phaner furcifer,1,1,0,FALSE,0,1,0,0,12,1,1,FALSE,Primates,FALSE,arboreal,FALSE,15.35,NA,-15.35,NA,-15.93,-14.78
piliocolobus badius,Piliocolobus badius,Piliocolobus badius,piliocolobus badius,piliocolobus badius,1,1,1,FALSE,20,1,20,20,NA,0,1,FALSE,Primates,FALSE,arboreal,FALSE,9.69,NA,9.69,NA,4.35,15.04
piliocolobus foai,Piliocolobus foai,Piliocolobus foai,piliocolobus foai,piliocolobus foai,1,1,1,FALSE,20,1,20,20,NA,0,1,FALSE,Primates,FALSE,arboreal,FALSE,1.59,NA,-1.59,NA,-8.42,5.22
piliocolobus gordonorum,Piliocolobus gordonorum,Piliocolobus gordonorum,piliocolobus gordonorum,piliocolobus gordonorum,1,1,1,FALSE,20,1,20,20,NA,0,1,FALSE,Primates,FALSE,arboreal,FALSE,8.49,NA,-8.49,NA,-9.2,-7.78
piliocolobus kirkii,Piliocolobus kirkii,Piliocolobus kirkii,piliocolobus kirkii,piliocolobus kirkii,1,1,1,FALSE,20,1,20,20,NA,0,1,FALSE,Primates,FALSE,arboreal,FALSE,6.09,NA,-6.09,NA,-6.47,-5.71
piliocolobus pennantii,Piliocolobus pennantii,Piliocolobus pennantii,piliocolobus pennantii,piliocolobus pennantii,1,1,1,FALSE,20,1,20,20,NA,0,1,FALSE,Primates,FALSE,arboreal,FALSE,0.95,NA,0.95,NA,-3.8,5.72
piliocolobus preussi,Piliocolobus preussi,Piliocolobus preussi,piliocolobus preussi,piliocolobus preussi,1,1,1,FALSE,20,1,20,20,NA,0,1,FALSE,Primates,FALSE,arboreal,FALSE,5.17,NA,5.17,NA,3.54,6.79
piliocolobus rufomitratus,Piliocolobus rufomitratus,Piliocolobus rufomitratus,piliocolobus rufomitratus,piliocolobus rufomitratus,1,1,1,FALSE,20,1,20,20,NA,0,1,FALSE,Primates,FALSE,arboreal,FALSE,2.58,NA,-2.58,NA,-3.6,-1.55
piliocolobus tephrosceles,Piliocolobus tephrosceles,Piliocolobus tephrosceles,piliocolobus tephrosceles,piliocolobus tephrosceles,1,1,1,FALSE,20,1,20,20,NA,0,1,FALSE,Primates,FALSE,arboreal,FALSE,2.87,NA,-2.87,NA,-6.02,0.27
piliocolobus tholloni,Piliocolobus tholloni,Piliocolobus tholloni,piliocolobus tholloni,piliocolobus tholloni,1,1,1,FALSE,20,1,20,20,NA,0,1,FALSE,Primates,FALSE,arboreal,FALSE,1.09,NA,-1.09,NA,-4.19,2.01
pithecia aequatorialis,Pithecia aequatorialis,Pithecia aequatorialis,pithecia aequatorialis,pithecia aequatorialis,1,1,0,FALSE,30,1,30,30,14.9,1,1,FALSE,Primates,FALSE,arboreal,FALSE,2.46,NA,-2.46,NA,-4.44,-0.48
pithecia albicans,Pithecia albicans,Pithecia albicans,pithecia albicans,pithecia albicans,1,1,0,FALSE,30,1,30,30,NA,0,1,FALSE,Primates,FALSE,arboreal,FALSE,4.18,NA,-4.18,NA,-5.63,-2.73
pithecia irrorata,Pithecia irrorata,Pithecia irrorata,pithecia irrorata,pithecia irrorata,1,1,0,FALSE,30,1,30,30,NA,0,1,FALSE,Primates,FALSE,arboreal,FALSE,8.15,NA,-8.15,NA,-14.05,-2.25
pithecia monachus,Pithecia monachus,Pithecia monachus,pithecia monachus,pithecia monachus,1,1,0,FALSE,30,1,30,30,24.6,1,1,FALSE,Primates,FALSE,arboreal,FALSE,6.29,NA,-6.29,NA,-14.05,1.47
pithecia pithecia,Pithecia pithecia,Pithecia pithecia,pithecia pithecia,pithecia pithecia,1,1,0,FALSE,30,1,30,30,20.7,1,1,FALSE,Primates,FALSE,arboreal,FALSE,2.92,NA,2.92,NA,-3.02,8.86
pongo abelii,Pongo abelii,Pongo abelii,pongo abelii,pongo abelii,1,1,1,FALSE,80,1,80,80,NA,0,1,FALSE,Primates,FALSE,arboreal,FALSE,3.8,NA,3.8,NA,2.9,4.71
pongo pygmaeus,Pongo pygmaeus,Pongo pygmaeus,pongo pygmaeus,pongo pygmaeus,1,1,1,FALSE,80,1,80,80,60,1,1,FALSE,Primates,FALSE,arboreal,FALSE,1.33,NA,1.33,NA,-2.67,5.34
presbytis chrysomelas,Presbytis chrysomelas,Presbytis chrysomelas,presbytis chrysomelas,presbytis chrysomelas,1,1,1,FALSE,40,1,40,40,NA,0,1,FALSE,Primates,FALSE,arboreal,FALSE,3.59,NA,3.59,NA,1.02,6.16
presbytis comata,Presbytis comata,Presbytis comata,presbytis comata,presbytis comata,1,1,1,FALSE,40,1,40,40,NA,0,1,FALSE,Primates,FALSE,arboreal,FALSE,6.77,NA,-6.77,NA,-7.66,-5.87
presbytis femoralis,Presbytis femoralis,Presbytis femoralis,presbytis femoralis,presbytis femoralis,1,1,1,FALSE,40,1,40,40,NA,0,1,FALSE,Primates,FALSE,arboreal,FALSE,5.37,NA,5.37,NA,-1.37,12.12
presbytis frontata,Presbytis frontata,Presbytis frontata,presbytis frontata,presbytis frontata,1,1,1,FALSE,40,1,40,40,NA,0,1,FALSE,Primates,FALSE,arboreal,FALSE,0.23,NA,-0.23,NA,-4.18,3.71
presbytis hosei,Presbytis hosei,Presbytis hosei,presbytis hosei,presbytis hosei,1,1,1,FALSE,40,1,40,40,NA,0,1,FALSE,Primates,FALSE,arboreal,FALSE,3.67,NA,3.67,NA,0.31,7.03
presbytis melalophos,Presbytis melalophos,Presbytis melalophos,presbytis melalophos,presbytis melalophos,1,1,1,FALSE,40,1,40,40,16,1,1,FALSE,Primates,FALSE,arboreal,FALSE,3.33,NA,-3.33,NA,-5.94,-0.73
presbytis natunae,Presbytis natunae,Presbytis natunae,presbytis natunae,presbytis natunae,1,1,1,FALSE,40,1,40,40,NA,0,1,FALSE,Primates,FALSE,arboreal,FALSE,3.94,NA,3.94,NA,3.65,4.23
presbytis potenziani,Presbytis potenziani,Presbytis potenziani,presbytis potenziani,presbytis potenziani,1,1,1,FALSE,40,1,40,40,NA,0,1,FALSE,Primates,FALSE,arboreal,FALSE,2.13,NA,-2.13,NA,-3.34,-0.91
presbytis rubicunda,Presbytis rubicunda,Presbytis rubicunda,presbytis rubicunda,presbytis rubicunda,1,1,1,FALSE,40,1,40,40,NA,0,1,FALSE,Primates,FALSE,arboreal,FALSE,1.42,NA,1.42,NA,-4.18,7.03
presbytis siamensis,Presbytis siamensis,Presbytis siamensis,presbytis siamensis,presbytis siamensis,1,1,1,FALSE,50,1,50,50,NA,0,1,FALSE,Primates,FALSE,arboreal,FALSE,1.8,NA,1.8,NA,-2.7,6.3
presbytis thomasi,Presbytis thomasi,Presbytis thomasi,presbytis thomasi,presbytis thomasi,1,1,1,FALSE,40,1,40,40,NA,0,1,FALSE,Primates,FALSE,arboreal,FALSE,4.45,NA,4.45,NA,3.26,5.65
procolobus verus,Procolobus verus,Procolobus verus,procolobus verus,procolobus verus,1,1,1,FALSE,10,1,10,10,NA,0,1,FALSE,Primates,FALSE,arboreal,FALSE,7,NA,7,NA,4.47,9.53
prolemur simus,Prolemur simus,Prolemur simus,prolemur simus,prolemur simus,1,1,0,FALSE,10,1,10,10,12,1,1,FALSE,Primates,FALSE,arboreal,FALSE,21.76,NA,-21.76,NA,-22.87,-20.65
propithecus coquereli,Propithecus coquereli,Propithecus coquereli,propithecus coquereli,propithecus coquereli,1,1,0,FALSE,30,1,30,30,NA,0,1,FALSE,Primates,FALSE,arboreal,FALSE,15.49,NA,-15.49,NA,-16.41,-14.57
propithecus deckenii,Propithecus deckenii,Propithecus deckenii,propithecus deckenii,propithecus deckenii,1,1,0,FALSE,30,1,30,30,NA,0,1,FALSE,Primates,FALSE,arboreal,FALSE,17.67,NA,-17.67,NA,-19.63,-15.7
propithecus diadema,Propithecus diadema,Propithecus diadema,propithecus diadema,propithecus diadema,1,1,0,FALSE,30,1,30,30,NA,0,1,FALSE,Primates,FALSE,arboreal,FALSE,17,NA,-17,NA,-19.74,-14.26
propithecus edwardsi,Propithecus edwardsi,Propithecus edwardsi,propithecus edwardsi,propithecus edwardsi,1,1,0,FALSE,40,1,40,40,NA,0,1,FALSE,Primates,FALSE,arboreal,FALSE,21.39,NA,-21.39,NA,-23.05,-19.73
propithecus perrieri,Propithecus perrieri,Propithecus perrieri,propithecus perrieri,propithecus perrieri,1,1,0,FALSE,30,1,30,30,NA,0,1,FALSE,Primates,FALSE,arboreal,FALSE,12.84,NA,-12.84,NA,-12.98,-12.69
propithecus tattersalli,Propithecus tattersalli,Propithecus tattersalli,propithecus tattersalli,propithecus tattersalli,1,1,0,FALSE,30,1,30,30,NA,0,1,FALSE,Primates,FALSE,arboreal,FALSE,13.08,NA,-13.08,NA,-13.24,-12.93
propithecus verreauxi,Propithecus verreauxi,Propithecus verreauxi,propithecus verreauxi,propithecus verreauxi,1,1,0,FALSE,30,1,30,30,20.6,1,1,FALSE,Primates,FALSE,arboreal,FALSE,22.63,NA,-22.63,NA,-25.58,-19.68
pygathrix cinerea,Pygathrix cinerea,Pygathrix cinerea,pygathrix cinerea,pygathrix cinerea,1,1,1,FALSE,20,1,20,20,NA,0,1,FALSE,Primates,FALSE,arboreal,FALSE,14.85,NA,14.85,NA,13.77,15.92
pygathrix nemaeus,Pygathrix nemaeus,Pygathrix nemaeus,pygathrix nemaeus,pygathrix nemaeus,1,1,1,FALSE,20,1,20,20,25,1,1,FALSE,Primates,FALSE,arboreal,FALSE,16.63,NA,16.63,NA,13.71,19.55
pygathrix nigripes,Pygathrix nigripes,Pygathrix nigripes,pygathrix nigripes,pygathrix nigripes,1,1,1,FALSE,30,1,30,30,NA,0,1,FALSE,Primates,FALSE,arboreal,FALSE,12.59,NA,12.59,NA,10.59,14.6
rhinopithecus avunculus,Rhinopithecus avunculus,Rhinopithecus avunculus,rhinopithecus avunculus,rhinopithecus avunculus,1,1,1,FALSE,20,1,20,20,NA,0,1,FALSE,Primates,FALSE,arboreal,FALSE,22.06,NA,22.06,NA,21.28,22.85
rhinopithecus bieti,Rhinopithecus bieti,Rhinopithecus bieti,rhinopithecus bieti,rhinopithecus bieti,1,1,1,FALSE,0,1,0,0,NA,0,1,FALSE,Primates,FALSE,arboreal,FALSE,28.69,NA,28.69,NA,27.28,30.1
rhinopithecus brelichi,Rhinopithecus brelichi,Rhinopithecus brelichi,rhinopithecus brelichi,rhinopithecus brelichi,1,1,1,FALSE,20,1,20,20,NA,0,1,FALSE,Primates,FALSE,arboreal,FALSE,27.33,NA,27.33,NA,26.18,28.47
rhinopithecus roxellana,Rhinopithecus roxellana,Rhinopithecus roxellana,rhinopithecus roxellana,rhinopithecus roxellana,1,1,1,FALSE,10,1,10,10,NA,0,1,FALSE,Primates,FALSE,arboreal,FALSE,32.32,NA,32.32,NA,29.34,35.31
saguinus bicolor,Saguinus bicolor,Saguinus bicolor,saguinus bicolor,saguinus bicolor,1,1,0,FALSE,30,1,30,30,NA,0,1,FALSE,Primates,FALSE,arboreal,FALSE,1.74,NA,-1.74,NA,-3.18,-0.29
saguinus fuscicollis,Saguinus fuscicollis,Saguinus fuscicollis,saguinus fuscicollis,saguinus fuscicollis,1,1,0,FALSE,30,1,30,30,24.5,1,1,FALSE,Primates,FALSE,arboreal,FALSE,5.28,NA,-5.28,NA,-13.75,3.18
saguinus geoffroyi,Saguinus geoffroyi,Saguinus geoffroyi,saguinus geoffroyi,saguinus geoffroyi,1,1,0,FALSE,30,1,30,30,NA,0,1,FALSE,Primates,FALSE,arboreal,FALSE,6.88,NA,6.88,NA,4.12,9.63
saguinus graellsi,Saguinus graellsi,Saguinus graellsi,saguinus graellsi,saguinus graellsi,1,1,0,FALSE,40,1,40,40,NA,0,1,FALSE,Primates,FALSE,arboreal,FALSE,1.96,NA,-1.96,NA,-4.83,0.9
saguinus imperator,Saguinus imperator,Saguinus imperator,saguinus imperator,saguinus imperator,1,1,0,FALSE,30,1,30,30,20.2,1,1,FALSE,Primates,FALSE,arboreal,FALSE,9.23,NA,-9.23,NA,-11.63,-6.83
saguinus inustus,Saguinus inustus,Saguinus inustus,saguinus inustus,saguinus inustus,1,1,0,FALSE,30,1,30,30,NA,0,1,FALSE,Primates,FALSE,arboreal,FALSE,0.64,NA,0.64,NA,-2.56,3.86
saguinus labiatus,Saguinus labiatus,Saguinus labiatus,saguinus labiatus,saguinus labiatus,1,1,0,FALSE,30,1,30,30,NA,0,1,FALSE,Primates,FALSE,arboreal,FALSE,6.4,NA,-6.4,NA,-11.07,-1.74
saguinus leucopus,Saguinus leucopus,Saguinus leucopus,saguinus leucopus,saguinus leucopus,1,1,0,FALSE,30,1,30,30,NA,0,1,FALSE,Primates,FALSE,arboreal,FALSE,6.3,NA,6.3,NA,3.82,8.78
saguinus martinsi,Saguinus martinsi,Saguinus martinsi,saguinus martinsi,saguinus martinsi,1,1,0,FALSE,30,1,30,30,NA,0,1,FALSE,Primates,FALSE,arboreal,FALSE,1.92,NA,-1.92,NA,-2.38,-1.47
saguinus melanoleucus,Saguinus melanoleucus,Saguinus melanoleucus,saguinus melanoleucus,saguinus melanoleucus,1,1,0,FALSE,30,1,30,30,NA,0,1,FALSE,Primates,FALSE,arboreal,FALSE,8.42,NA,-8.42,NA,-10.05,-6.8
saguinus midas,Saguinus midas,Saguinus midas,saguinus midas,saguinus midas,1,1,0,FALSE,30,1,30,30,15.4,1,1,FALSE,Primates,FALSE,arboreal,FALSE,0.17,NA,-0.17,NA,-8.37,8.02
saguinus mystax,Saguinus mystax,Saguinus mystax,saguinus mystax,saguinus mystax,1,1,0,FALSE,30,1,30,30,NA,0,1,FALSE,Primates,FALSE,arboreal,FALSE,6.23,NA,-6.23,NA,-9.82,-2.65
saguinus niger,Saguinus niger,Saguinus niger,saguinus niger,saguinus niger,1,1,0,FALSE,30,1,30,30,NA,0,1,FALSE,Primates,FALSE,arboreal,FALSE,2.78,NA,-2.78,NA,-5.48,-0.08
saguinus nigricollis,Saguinus nigricollis,Saguinus nigricollis,saguinus nigricollis,saguinus nigricollis,1,1,0,FALSE,30,1,30,30,15.2,1,1,FALSE,Primates,FALSE,arboreal,FALSE,3.04,NA,-3.04,NA,-4.25,-1.83
saguinus oedipus,Saguinus oedipus,Saguinus oedipus,saguinus oedipus,saguinus oedipus,1,1,0,FALSE,30,1,30,30,23.1,1,1,FALSE,Primates,FALSE,arboreal,FALSE,9.22,NA,9.22,NA,7.42,11.02
saguinus pileatus,Saguinus pileatus,Saguinus pileatus,saguinus pileatus,saguinus pileatus,1,1,0,FALSE,30,1,30,30,NA,0,1,FALSE,Primates,FALSE,arboreal,FALSE,5.09,NA,-5.09,NA,-6.69,-3.5
saguinus tripartitus,Saguinus tripartitus,Saguinus tripartitus,saguinus tripartitus,saguinus tripartitus,1,1,0,FALSE,30,1,30,30,NA,0,1,FALSE,Primates,FALSE,arboreal,FALSE,2,NA,-2,NA,-2.49,-1.5
saimiri boliviensis,Saimiri boliviensis,Saimiri boliviensis,saimiri boliviensis,saimiri boliviensis,1,1,0,FALSE,20,1,20,20,NA,0,1,FALSE,Primates,FALSE,arboreal,FALSE,11.05,NA,-11.05,NA,-19.4,-2.7
saimiri oerstedii,Saimiri oerstedii,Saimiri oerstedii,saimiri oerstedii,saimiri oerstedii,1,1,0,FALSE,20,1,20,20,NA,0,1,FALSE,Primates,FALSE,arboreal,FALSE,8.77,NA,8.77,NA,8.02,9.52
saimiri sciureus,Saimiri sciureus,Saimiri sciureus,saimiri sciureus,saimiri sciureus,1,1,0,FALSE,20,1,20,20,27,1,1,FALSE,Primates,FALSE,arboreal,FALSE,0.64,NA,-0.64,NA,-8.91,7.61
saimiri ustus,Saimiri ustus,Saimiri ustus,saimiri ustus,saimiri ustus,1,1,0,FALSE,20,1,20,20,NA,0,1,FALSE,Primates,FALSE,arboreal,FALSE,8.98,NA,-8.98,NA,-16.14,-1.82
saimiri vanzolinii,Saimiri vanzolinii,Saimiri vanzolinii,saimiri vanzolinii,saimiri vanzolinii,1,1,0,FALSE,20,1,20,20,NA,0,1,FALSE,Primates,FALSE,arboreal,FALSE,2.28,NA,-2.28,NA,-2.66,-1.9
semnopithecus ajax,Semnopithecus ajax,Semnopithecus ajax,semnopithecus ajax,semnopithecus ajax,1,1,1,FALSE,20,1,20,20,NA,0,1,FALSE,Primates,FALSE,scansorial,FALSE,32.37,NA,32.37,NA,30.11,34.63
semnopithecus dussumieri,Semnopithecus dussumieri,Semnopithecus dussumieri,semnopithecus dussumieri,semnopithecus dussumieri,1,1,1,FALSE,10,1,10,10,NA,0,1,FALSE,Primates,FALSE,scansorial,FALSE,13.93,NA,13.93,NA,8.06,19.8
semnopithecus entellus,Semnopithecus entellus,Semnopithecus entellus,semnopithecus entellus,semnopithecus entellus,1,1,1,FALSE,10,1,10,10,25,1,1,FALSE,Primates,FALSE,scansorial,FALSE,23.49,NA,23.49,NA,17.03,29.95
semnopithecus hector,Semnopithecus hector,Semnopithecus hector,semnopithecus hector,semnopithecus hector,1,1,1,FALSE,20,1,20,20,NA,0,1,FALSE,Primates,FALSE,scansorial,FALSE,29.53,NA,29.53,NA,28.82,30.23
semnopithecus hypoleucos,Semnopithecus hypoleucos,Semnopithecus hypoleucos,semnopithecus hypoleucos,semnopithecus hypoleucos,1,1,1,FALSE,20,1,20,20,NA,0,1,FALSE,Primates,FALSE,scansorial,FALSE,10.67,NA,10.67,NA,8.6,12.75
semnopithecus priam,Semnopithecus priam,Semnopithecus priam,semnopithecus priam,semnopithecus priam,1,1,1,FALSE,40,1,40,40,NA,0,1,FALSE,Primates,FALSE,scansorial,FALSE,9.91,NA,9.91,NA,5.91,13.91
semnopithecus schistaceus,Semnopithecus schistaceus,Semnopithecus schistaceus,semnopithecus schistaceus,semnopithecus schistaceus,1,1,1,FALSE,10,1,10,10,NA,0,1,FALSE,Primates,FALSE,scansorial,FALSE,28.08,NA,28.08,NA,27.39,28.77
simias concolor,Simias concolor,Simias concolor,simias concolor,simias concolor,1,1,1,FALSE,10,1,10,10,NA,0,1,FALSE,Primates,FALSE,arboreal,FALSE,2.13,NA,-2.13,NA,-3.34,-0.91
symphalangus syndactylus,Symphalangus syndactylus,Symphalangus syndactylus,symphalangus syndactylus,symphalangus syndactylus,1,1,1,FALSE,80,1,80,80,38,1,1,FALSE,Primates,FALSE,arboreal,FALSE,0.14,NA,0.14,NA,-5.36,5.65
theropithecus gelada,Theropithecus gelada,Theropithecus gelada,theropithecus gelada,theropithecus gelada,1,1,1,FALSE,0,1,0,0,28,1,1,FALSE,Primates,FALSE,ground,FALSE,10.95,NA,10.95,NA,7.71,14.2
trachypithecus auratus,Trachypithecus auratus,Trachypithecus auratus,trachypithecus auratus,trachypithecus auratus,1,1,1,FALSE,30,1,30,30,NA,0,1,FALSE,Primates,FALSE,arboreal,FALSE,7.41,NA,-7.41,NA,-8.96,-5.87
trachypithecus barbei,Trachypithecus barbei,Trachypithecus barbei,trachypithecus barbei,trachypithecus barbei,1,1,1,FALSE,30,1,30,30,NA,0,1,FALSE,Primates,FALSE,arboreal,FALSE,14.75,NA,14.75,NA,14.34,15.17
trachypithecus cristatus,Trachypithecus cristatus,Trachypithecus cristatus,trachypithecus cristatus,trachypithecus cristatus,1,1,1,FALSE,30,1,30,30,31.1,1,1,FALSE,Primates,FALSE,arboreal,FALSE,0.54,NA,0.54,NA,-5.94,7.03
trachypithecus delacouri,Trachypithecus delacouri,Trachypithecus delacouri,trachypithecus delacouri,trachypithecus delacouri,1,1,1,FALSE,30,1,30,30,NA,0,1,FALSE,Primates,FALSE,arboreal,FALSE,19.9,NA,19.9,NA,18.25,21.54
trachypithecus ebenus,Trachypithecus ebenus,Trachypithecus ebenus,trachypithecus ebenus,trachypithecus ebenus,1,1,1,FALSE,30,1,30,30,NA,0,1,FALSE,Primates,FALSE,arboreal,FALSE,17.38,NA,17.38,NA,17.2,17.55
trachypithecus francoisi,Trachypithecus francoisi,Trachypithecus francoisi,trachypithecus francoisi,trachypithecus francoisi,1,1,1,FALSE,30,1,30,30,NA,0,1,FALSE,Primates,FALSE,arboreal,FALSE,22.9,NA,22.9,NA,17.21,28.59
trachypithecus geei,Trachypithecus geei,Trachypithecus geei,trachypithecus geei,trachypithecus geei,1,1,1,FALSE,30,1,30,30,NA,0,1,FALSE,Primates,FALSE,arboreal,FALSE,26.79,NA,26.79,NA,26.3,27.28
trachypithecus germaini,Trachypithecus germaini,Trachypithecus germaini,trachypithecus germaini,trachypithecus germaini,1,1,1,FALSE,30,1,30,30,NA,0,1,FALSE,Primates,FALSE,arboreal,FALSE,12.84,NA,12.84,NA,8.55,17.13
trachypithecus hatinhensis,Trachypithecus hatinhensis,Trachypithecus hatinhensis,trachypithecus hatinhensis,trachypithecus hatinhensis,1,1,1,FALSE,30,1,30,30,NA,0,1,FALSE,Primates,FALSE,arboreal,FALSE,17.81,NA,17.81,NA,14.92,20.7
trachypithecus johnii,Trachypithecus johnii,Trachypithecus johnii,trachypithecus johnii,trachypithecus johnii,1,1,1,FALSE,30,1,30,30,NA,0,1,FALSE,Primates,FALSE,arboreal,FALSE,10.75,NA,10.75,NA,9.34,12.16
trachypithecus laotum,Trachypithecus laotum,Trachypithecus laotum,trachypithecus laotum,trachypithecus laotum,1,1,1,FALSE,30,1,30,30,NA,0,1,FALSE,Primates,FALSE,arboreal,FALSE,17.93,NA,17.93,NA,17.64,18.22
trachypithecus obscurus,Trachypithecus obscurus,Trachypithecus obscurus,trachypithecus obscurus,trachypithecus obscurus,1,1,1,FALSE,30,1,30,30,25,1,1,FALSE,Primates,FALSE,arboreal,FALSE,6.82,NA,6.82,NA,1.26,12.38
trachypithecus phayrei,Trachypithecus phayrei,Trachypithecus phayrei,trachypithecus phayrei,trachypithecus phayrei,1,1,1,FALSE,30,1,30,30,NA,0,1,FALSE,Primates,FALSE,arboreal,FALSE,20.48,NA,20.48,NA,14.35,26.62
trachypithecus pileatus,Trachypithecus pileatus,Trachypithecus pileatus,trachypithecus pileatus,trachypithecus pileatus,1,1,1,FALSE,30,1,30,30,NA,0,1,FALSE,Primates,FALSE,arboreal,FALSE,24.83,NA,24.83,NA,21.21,28.44
trachypithecus poliocephalus,Trachypithecus poliocephalus,Trachypithecus poliocephalus,trachypithecus poliocephalus,trachypithecus poliocephalus,1,1,1,FALSE,30,1,30,30,NA,0,1,FALSE,Primates,FALSE,arboreal,FALSE,21.38,NA,21.38,NA,20.71,22.06
trachypithecus shortridgei,Trachypithecus shortridgei,Trachypithecus shortridgei,trachypithecus shortridgei,trachypithecus shortridgei,1,1,1,FALSE,30,1,30,30,NA,0,1,FALSE,Primates,FALSE,arboreal,FALSE,25.46,NA,25.46,NA,23.38,27.54
trachypithecus vetulus,Trachypithecus vetulus,Trachypithecus vetulus,trachypithecus vetulus,trachypithecus vetulus,1,1,1,FALSE,30,1,30,30,23,1,1,FALSE,Primates,FALSE,arboreal,FALSE,8.03,NA,8.03,NA,6.24,9.83
varecia rubra,Varecia rubra,Varecia rubra,varecia rubra,varecia rubra,1,1,0,FALSE,90,1,90,90,NA,0,1,FALSE,Primates,FALSE,arboreal,FALSE,15.44,NA,-15.44,NA,-15.99,-14.88
varecia variegata,Varecia variegata,Varecia variegata,varecia variegata,varecia variegata,1,1,0,FALSE,100,1,100,100,32,1,1,FALSE,Primates,FALSE,arboreal,FALSE,19.18,NA,-19.18,NA,-23.26,-15.11
