scientific_name_clean,scientific_name_raw,scientific_name_display,scientific_name_clean_original,merged_from_species,n_rows_collapsed,n_unique_input_species,routine_trichromacy,routine_trichromacy_conflict,diet_pct_fruit_eltontraits,diet_pct_fruit_n,diet_pct_fruit_min,diet_pct_fruit_max,max_longevity_years_pantheria,max_longevity_pantheria_n,included_in_core_non_nocturnal_build,included_in_core_conflict,order,order_conflict,foraging_stratum_eltontraits,foraging_stratum_conflict,abs_latitude_mid_dd,abs_latitude_mid_pantheria,lat_mid_dd_pantheria,lat_midrange_dd_pantheria,lat_min_dd_pantheria,lat_max_dd_pantheria,anage_longevity_years,longevity_years,log_longevity,abs_latitude,uv_i,arboreal_i,luv_raw,z_frugivory,z_luv,z_lifetime,miss_routine,miss_z_frug,miss_z_luv,miss_arboreal,complete_full_model
allenopithecus nigroviridis,Allenopithecus nigroviridis,Allenopithecus nigroviridis,allenopithecus nigroviridis,allenopithecus nigroviridis,1,1,1,FALSE,50,1,50,50,23,1,1,FALSE,primates,FALSE,scansorial,FALSE,0.17,NA,-0.17,NA,-3.85,3.5,27,23,3.1354942159291497,0.17,0.9999955982815133,1,22.999898760474807,0.46045447477874507,-0.5211971566585872,-0.5073329492840883,FALSE,FALSE,FALSE,FALSE,TRUE
alouatta caraya,Alouatta caraya,Alouatta caraya,alouatta caraya,alouatta caraya,1,1,1,FALSE,40,1,40,40,20.3,1,1,FALSE,primates,FALSE,arboreal,FALSE,20.34,NA,-20.34,NA,-28.59,-12.1,32.4,20.3,3.0106208860477417,20.34,0.9376464992972356,0.1,19.034223935733884,-0.043376146174809144,-0.9131807298726025,-0.7160169815012277,FALSE,FALSE,FALSE,FALSE,TRUE
alouatta palliata,Alouatta palliata,Alouatta palliata,alouatta palliata,alouatta palliata,1,1,1,FALSE,40,1,40,40,25,1,1,FALSE,primates,FALSE,arboreal,FALSE,6.95,NA,6.95,NA,-4.8,18.71,24,25,3.2188758248682006,6.95,0.992652124759271,0.1,24.816303118981775,-0.043376146174809144,-0.3416562960698506,-0.35275218467879993,FALSE,FALSE,FALSE,FALSE,TRUE
alouatta pigra,Alouatta pigra,Alouatta pigra,alouatta pigra,alouatta pigra,1,1,1,FALSE,40,1,40,40,20,1,1,FALSE,primates,FALSE,arboreal,FALSE,18.8,NA,18.8,NA,16,21.6,NA,20,2.995732273553991,18.8,0.9466492601156964,0.1,18.93298520231393,-0.043376146174809144,-0.923187581726929,-0.739204096192021,FALSE,FALSE,FALSE,FALSE,TRUE
alouatta seniculus,Alouatta seniculus,Alouatta seniculus,alouatta seniculus,alouatta seniculus,1,1,1,FALSE,40,1,40,40,25,1,1,FALSE,primates,FALSE,arboreal,FALSE,0.68,NA,0.68,NA,-10.84,12.2,25,25,3.2188758248682006,0.6799999999999999,0.9999295732792147,0.1,24.99823933198037,-0.043376146174809144,-0.3236729741839282,-0.35275218467879993,FALSE,FALSE,FALSE,FALSE,TRUE
ateles belzebuth,Ateles belzebuth,Ateles belzebuth,ateles belzebuth,ateles belzebuth,2,1,0,FALSE,60,1,60,60,28,1,1,FALSE,primates,FALSE,arboreal,FALSE,2.5650000000000004,NA,-2.5650000000000004,NA,-6.91,1.77,40.5,28,3.332204510175204,2.565,0.9989980940754456,0.1,27.971946634112477,0.9642850957322994,-0.029739541540845935,-0.12088103777086728,FALSE,FALSE,FALSE,FALSE,TRUE
ateles fusciceps,Ateles fusciceps,Ateles fusciceps,ateles fusciceps,ateles fusciceps,1,1,0,FALSE,60,1,60,60,24,1,1,FALSE,primates,FALSE,arboreal,FALSE,6.44,NA,6.44,NA,1.77,11.11,46,24,3.1780538303479458,6.44,0.9936898569964848,0.1,23.848556567915637,0.9642850957322994,-0.4373123364203669,-0.43004256698144416,FALSE,FALSE,FALSE,FALSE,TRUE
ateles geoffroyi,Ateles geoffroyi,Ateles geoffroyi,ateles geoffroyi,ateles geoffroyi,1,1,0,FALSE,60,1,60,60,27.3,1,1,FALSE,primates,FALSE,arboreal,FALSE,12.38,NA,12.38,NA,0.67,24.09,47.1,27.3,3.3068867021909143,12.38,0.9767471755999566,0.1,26.665197893878815,0.9642850957322994,-0.15890394939750052,-0.17498430538271817,FALSE,FALSE,FALSE,FALSE,TRUE
ateles paniscus,Ateles paniscus,Ateles paniscus,ateles paniscus,ateles paniscus,1,1,0,FALSE,60,1,60,60,37.8,1,1,FALSE,primates,FALSE,arboreal,FALSE,2.06,NA,2.06,NA,-3.14,7.28,46,37.8,3.632309102625542,2.06,0.9993537323810014,0.1,37.775571084001854,0.9642850957322994,0.9392909292232253,0.6365647087950458,FALSE,FALSE,FALSE,FALSE,TRUE
brachyteles arachnoides,Brachyteles arachnoides,Brachyteles arachnoides,brachyteles arachnoides,brachyteles arachnoides,1,1,0,FALSE,20,1,20,20,NA,0,1,FALSE,primates,FALSE,arboreal,FALSE,22.66,NA,-22.66,NA,-23.11,-22.21,40,40,3.6888794541139363,22.66,0.9228072778591088,0.1,36.91229111436435,-1.0510373880819177,0.8539607944700054,0.8066035498608634,FALSE,FALSE,FALSE,FALSE,TRUE
cacajao calvus,Cacajao calvus,Cacajao calvus,cacajao calvus,cacajao calvus,1,1,0,FALSE,70,1,70,70,27,1,1,FALSE,primates,FALSE,arboreal,FALSE,5.73,NA,-5.73,NA,-9.62,-1.84,35.8,27,3.295836866004329,5.73,0.99500342986418,0.1,26.86509260633286,1.4681157166858536,-0.139145535730933,-0.1981714200735115,FALSE,FALSE,FALSE,FALSE,TRUE
cacajao melanocephalus,Cacajao melanocephalus,Cacajao melanocephalus,cacajao melanocephalus,cacajao melanocephalus,1,1,0,FALSE,70,1,70,70,18,1,1,FALSE,primates,FALSE,arboreal,FALSE,0.53,NA,0.53,NA,-2.95,4.03,NA,18,2.8903717578961645,0.53,0.9999572167884616,0.1,17.999229902192308,1.4681157166858536,-1.0154837873476483,-0.8937848607973095,FALSE,FALSE,FALSE,FALSE,TRUE
callicebus moloch,Callicebus moloch,Callicebus moloch,callicebus moloch,callicebus moloch,1,1,0,FALSE,50,1,50,50,25.3,1,1,FALSE,primates,FALSE,arboreal,FALSE,7.7,NA,-7.7,NA,-14.1,-1.3,NA,25.3,3.2308043957334744,7.7,0.9909831997148363,0.1,25.071874952785357,0.46045447477874507,-0.3163945272525519,-0.3295650699880066,FALSE,FALSE,FALSE,FALSE,TRUE
callimico goeldii,Callimico goeldii,Callimico goeldii,callimico goeldii,callimico goeldii,1,1,0,FALSE,50,1,50,50,17.9,1,1,FALSE,primates,FALSE,arboreal,FALSE,5.33,NA,-5.33,NA,-11.64,0.97,22.2,17.9,2.884800712846709,5.33,0.995676196568517,0.1,17.822603918576455,0.46045447477874507,-1.0329422243703321,-0.901513899027574,FALSE,FALSE,FALSE,FALSE,TRUE
callithrix argentata,Callithrix argentata,Callithrix argentata,callithrix argentata,callithrix argentata,1,1,0,FALSE,60,1,60,60,16.8,1,1,FALSE,primates,FALSE,arboreal,FALSE,3.09,NA,-3.09,NA,-5.09,-1.09,NA,16.8,2.8213788864092133,3.09,0.9985460936510022,0.1,16.775574373336838,0.9642850957322994,-1.1364349212105183,-0.9865333195604824,FALSE,FALSE,FALSE,FALSE,TRUE
callithrix geoffroyi,Callithrix geoffroyi,Callithrix geoffroyi,callithrix geoffroyi,callithrix geoffroyi,1,1,0,FALSE,30,1,30,30,NA,0,1,FALSE,primates,FALSE,arboreal,FALSE,18.99,NA,-18.99,NA,-21.07,-16.9,17.6,17.6,2.8678989020441064,18.99,0.9455753835603061,0.1,16.64212675066139,-0.5472067671283634,-1.1496254318512023,-0.924701013718367,FALSE,FALSE,FALSE,FALSE,TRUE
callithrix humeralifera,Callithrix humeralifera,Callithrix humeralifera,callithrix humeralifera,callithrix humeralifera,1,1,0,FALSE,60,1,60,60,15,1,1,FALSE,primates,FALSE,arboreal,FALSE,5.36,NA,-5.36,NA,-8.45,-2.27,NA,15,2.70805020110221,5.359999999999999,0.9956274219821757,0.1,14.934411329732635,0.9642850957322994,-1.3184230318339647,-1.1256560077052422,FALSE,FALSE,FALSE,FALSE,TRUE
callithrix jacchus,Callithrix jacchus,Callithrix jacchus,callithrix jacchus,callithrix jacchus,1,1,0,FALSE,30,1,30,30,16.8,1,1,FALSE,primates,FALSE,arboreal,FALSE,6.58,NA,-6.58,NA,-10.38,-2.78,22.8,16.8,2.8213788864092133,6.58,0.9934128257140318,0.1,16.689335471995733,-0.5472067671283634,-1.1449591281088853,-0.9865333195604824,FALSE,FALSE,FALSE,FALSE,TRUE
callithrix penicillata,Callithrix penicillata,Callithrix penicillata,callithrix penicillata,callithrix penicillata,1,1,0,FALSE,30,1,30,30,NA,0,1,FALSE,primates,FALSE,arboreal,FALSE,12.68,NA,-12.68,NA,-23.03,-2.32,15.4,15.4,2.7343675094195836,12.68,0.975611225313615,0.1,15.024412869829671,-0.5472067671283634,-1.309526910280603,-1.0947398547841845,FALSE,FALSE,FALSE,FALSE,TRUE
callithrix pygmaea,Callithrix pygmaea,Callithrix pygmaea,callithrix pygmaea,callithrix pygmaea,1,1,0,FALSE,0,1,0,0,15.1,1,1,FALSE,primates,FALSE,arboreal,FALSE,5.96,NA,-5.96,NA,-12.52,0.59,NA,15.1,2.714694743820879,5.96,0.9945946276372433,0.1,15.018378877322373,-2.058698629989026,-1.310123334861106,-1.1179269694749776,FALSE,FALSE,FALSE,FALSE,TRUE
cebus albifrons,Cebus albifrons,Cebus albifrons,cebus albifrons,cebus albifrons,1,1,0,FALSE,20,1,20,20,44,1,1,FALSE,primates,FALSE,arboreal,FALSE,0.82,NA,-0.82,NA,-13.21,11.56,40.4,44,3.784189633918261,0.8200000000000001,0.999897589371505,0.1,43.99549393234622,-1.0510373880819177,1.5540936276186497,1.1157650790714402,FALSE,FALSE,FALSE,FALSE,TRUE
cebus apella,Cebus apella,Cebus apella,cebus apella,cebus apella,1,1,0,FALSE,20,1,20,20,45.1,1,1,FALSE,primates,FALSE,arboreal,FALSE,10.77,NA,-10.77,NA,-28.66,7.12,NA,45.1,3.8088822465086327,10.77,0.9823852287012823,0.1,44.30557381442783,-1.0510373880819177,1.584743195606885,1.2007844996043489,FALSE,FALSE,FALSE,FALSE,TRUE
cebus capucinus,Cebus capucinus,Cebus capucinus,cebus capucinus,cebus capucinus,1,1,0,FALSE,20,1,20,20,54.8,1,1,FALSE,primates,FALSE,arboreal,FALSE,8.74,NA,8.74,NA,1.46,16.02,54,54.8,4.00369019395397,8.739999999999998,0.9883880459536023,0.1,54.1636649182574,-1.0510373880819177,2.5591573739556757,1.9505012079399975,FALSE,FALSE,FALSE,FALSE,TRUE
cebus olivaceus,Cebus olivaceus,Cebus olivaceus,cebus olivaceus,cebus olivaceus,1,1,0,FALSE,20,1,20,20,41,1,1,FALSE,primates,FALSE,arboreal,FALSE,4.78,NA,4.78,NA,-1.8,11.37,47,41,3.713572066704308,4.78,0.9965220076166375,0.1,40.85740231228213,-1.0510373880819177,1.2439117744239565,0.8838939321635075,FALSE,FALSE,FALSE,FALSE,TRUE
cercocebus agilis,Cercocebus agilis,Cercocebus agilis,cercocebus agilis,cercocebus agilis,1,1,1,FALSE,70,1,70,70,NA,0,1,FALSE,primates,FALSE,arboreal,FALSE,3.9,NA,3.9,NA,-1.04,8.86,31,31,3.4339872044851463,3.9,0.9976842788356053,0.1,30.928212643903763,1.4681157166858536,0.2624699221952111,0.11099010913706536,FALSE,FALSE,FALSE,FALSE,TRUE
cercocebus galeritus,Cercocebus galeritus,Cercocebus galeritus,cercocebus galeritus,cercocebus galeritus,1,1,1,FALSE,70,1,70,70,21,1,1,FALSE,primates,FALSE,arboreal,FALSE,2.1,NA,-2.1,NA,-3.29,-0.92,NA,21,3.044522437723423,2.1,0.9993283937786562,0.1,20.98589626935178,1.4681157166858536,-0.7202694275384638,-0.6619137138893768,FALSE,FALSE,FALSE,FALSE,TRUE
cercocebus torquatus,Cercocebus torquatus,Cercocebus torquatus,cercocebus torquatus,cercocebus torquatus,1,1,1,FALSE,70,1,70,70,30,1,1,FALSE,primates,FALSE,arboreal,FALSE,4.2,NA,4.2,NA,-2.58,10.99,46,30,3.4011973816621555,4.2,0.9973144772244581,0.1,29.919434316733742,1.4681157166858536,0.16275813271665884,0.03369972683442115,FALSE,FALSE,FALSE,FALSE,TRUE
cercopithecus ascanius,Cercopithecus ascanius,Cercopithecus ascanius,cercopithecus ascanius,cercopithecus ascanius,1,1,1,FALSE,50,1,50,50,28.3,1,1,FALSE,primates,FALSE,arboreal,FALSE,2.71,NA,-2.71,NA,-12.21,6.79,31.2,28.3,3.342861804649192,2.71,0.9988816381214108,0.1,28.268350358835928,0.46045447477874507,-4.417810673477155e-4,-0.09769392308007396,FALSE,FALSE,FALSE,FALSE,TRUE
cercopithecus campbelli,Cercopithecus campbelli,Cercopithecus campbelli,cercopithecus campbelli,cercopithecus campbelli,1,1,1,FALSE,50,1,50,50,33,1,1,FALSE,primates,FALSE,arboreal,FALSE,8.53,NA,8.53,NA,4.35,12.7,30,33,3.4965075614664802,8.53,0.9889383349666097,0.1,32.63496505389812,0.46045447477874507,0.4311723342254076,0.2655708737423538,FALSE,FALSE,FALSE,FALSE,TRUE
cercopithecus cephus,Cercopithecus cephus,Cercopithecus cephus,cercopithecus cephus,cercopithecus cephus,1,1,1,FALSE,50,1,50,50,23,1,1,FALSE,primates,FALSE,arboreal,FALSE,0.42,NA,-0.42,NA,-6.05,5.2,36,23,3.1354942159291497,0.42000000000000004,0.9999731328638829,0.1,22.999382055869308,0.46045447477874507,-0.5212482298621429,-0.5073329492840883,FALSE,FALSE,FALSE,FALSE,TRUE
cercopithecus diana,Cercopithecus diana,Cercopithecus diana,cercopithecus diana,cercopithecus diana,1,1,1,FALSE,50,1,50,50,37.3,1,1,FALSE,primates,FALSE,arboreal,FALSE,6.65,NA,6.65,NA,4.35,8.95,35.1,37.3,3.6189933266497696,6.6499999999999995,0.9932720857793921,0.1,37.049048799571324,0.46045447477874507,0.8674784852744724,0.5979195176437238,FALSE,FALSE,FALSE,FALSE,TRUE
cercopithecus erythrogaster,Cercopithecus erythrogaster,Cercopithecus erythrogaster,cercopithecus erythrogaster,cercopithecus erythrogaster,1,1,1,FALSE,50,1,50,50,NA,0,1,FALSE,primates,FALSE,arboreal,FALSE,6.06,NA,6.06,NA,4.45,7.66,24,24,3.1780538303479458,6.06,0.9944118881299167,0.1,23.865885315118,0.46045447477874507,-0.4355994919366671,-0.43004256698144416,FALSE,FALSE,FALSE,FALSE,TRUE
cercopithecus hamlyni,Cercopithecus hamlyni,Cercopithecus hamlyni,cercopithecus hamlyni,cercopithecus hamlyni,1,1,1,FALSE,50,1,50,50,NA,0,1,FALSE,primates,FALSE,arboreal,FALSE,1.75,NA,-1.75,NA,-6.02,2.5,28.6,28.6,3.353406717825807,1.75,0.9995335908367129,0.1,28.58666069792999,0.46045447477874507,0.03102131906648801,-0.07450680838928064,FALSE,FALSE,FALSE,FALSE,TRUE
cercopithecus lhoesti,Cercopithecus lhoesti,Cercopithecus lhoesti,cercopithecus lhoesti,cercopithecus lhoesti,1,1,1,FALSE,50,1,50,50,16,1,1,FALSE,primates,FALSE,arboreal,FALSE,1.13,NA,-1.13,NA,-6.02,3.74,NA,16,2.772588722239781,1.1300000000000001,0.9998055233121944,0.1,15.99688837299511,0.46045447477874507,-1.213403440898872,-1.048365625402598,FALSE,FALSE,FALSE,FALSE,TRUE
cercopithecus mitis,Cercopithecus mitis,Cercopithecus mitis,cercopithecus mitis,cercopithecus mitis,1,1,1,FALSE,50,1,50,50,27.1,1,1,FALSE,primates,FALSE,arboreal,FALSE,1.9,NA,-1.9,NA,-15.82,12,37.8,27.1,3.299533727885655,1.9,0.9994502159417572,0.1,27.085100852021622,0.46045447477874507,-0.1173990179015841,-0.19044238184324697,FALSE,FALSE,FALSE,FALSE,TRUE
cercopithecus mona,Cercopithecus mona,Cercopithecus mona,cercopithecus mona,cercopithecus mona,1,1,1,FALSE,50,1,50,50,30,1,1,FALSE,primates,FALSE,arboreal,FALSE,6.83,NA,6.83,NA,3.58,10.08,30,30,3.4011973816621555,6.83,0.9929033758229756,0.1,29.787101274689267,0.46045447477874507,0.1496777917993314,0.03369972683442115,FALSE,FALSE,FALSE,FALSE,TRUE
cercopithecus neglectus,Cercopithecus neglectus,Cercopithecus neglectus,cercopithecus neglectus,cercopithecus neglectus,1,1,1,FALSE,50,1,50,50,26.3,1,1,FALSE,primates,FALSE,arboreal,FALSE,1.11,NA,-1.11,NA,-10.71,8.48,30.8,26.3,3.269568939183719,1.11,0.9998123463078188,0.1,26.295064707895634,0.46045447477874507,-0.19548943237800528,-0.2522746876853624,FALSE,FALSE,FALSE,FALSE,TRUE
cercopithecus nictitans,Cercopithecus nictitans,Cercopithecus nictitans,cercopithecus nictitans,cercopithecus nictitans,1,1,1,FALSE,50,1,50,50,23,1,1,FALSE,primates,FALSE,arboreal,FALSE,1.69,NA,1.69,NA,-6.05,9.44,31,23,3.1354942159291497,1.6900000000000002,0.9995650226315503,0.1,22.989995520525657,0.46045447477874507,-0.5221760335340802,-0.5073329492840883,FALSE,FALSE,FALSE,FALSE,TRUE
cercopithecus petaurista,Cercopithecus petaurista,Cercopithecus petaurista,cercopithecus petaurista,cercopithecus petaurista,1,1,1,FALSE,30,1,30,30,19,1,1,FALSE,primates,FALSE,arboreal,FALSE,8.93,NA,8.93,NA,4.35,13.52,29,19,2.9444389791664403,8.93,0.9878787241768515,0.1,18.76969575936018,-0.5472067671283634,-0.9393277803427645,-0.8164944784946653,FALSE,FALSE,FALSE,FALSE,TRUE
cercopithecus pogonias,Cercopithecus pogonias,Cercopithecus pogonias,cercopithecus pogonias,cercopithecus pogonias,1,1,1,FALSE,50,1,50,50,24.1,1,1,FALSE,primates,FALSE,arboreal,FALSE,1.53,NA,1.53,NA,-6.05,9.13,27,24.1,3.1822118404966093,1.53,0.999643481727238,0.1,24.091407909626437,0.46045447477874507,-0.41330791324130906,-0.4223135287511796,FALSE,FALSE,FALSE,FALSE,TRUE
cercopithecus wolfi,Cercopithecus wolfi,Cercopithecus wolfi,cercopithecus wolfi,cercopithecus wolfi,1,1,1,FALSE,70,1,70,70,NA,0,1,FALSE,primates,FALSE,arboreal,FALSE,1.87,NA,-1.87,NA,-7.77,4.01,24,24,3.1780538303479458,1.87,0.9994674389493003,0.1,23.98721853478321,1.4681157166858536,-0.4236064186021591,-0.43004256698144416,FALSE,FALSE,FALSE,FALSE,TRUE
chlorocebus aethiops,Chlorocebus aethiops,Chlorocebus aethiops,chlorocebus aethiops,chlorocebus aethiops,1,1,1,FALSE,40,1,40,40,31.6,1,1,FALSE,primates,FALSE,scansorial,FALSE,12.6,NA,12.6,NA,5.71,19.5,32,31.6,3.4531571205928664,12.6,0.9759167619387474,1,30.83896967726442,-0.043376146174809144,0.25364878115528877,0.157364338518652,FALSE,FALSE,FALSE,FALSE,TRUE
colobus angolensis,Colobus angolensis,Colobus angolensis,colobus angolensis,colobus angolensis,1,1,1,FALSE,30,1,30,30,NA,0,1,FALSE,primates,FALSE,arboreal,FALSE,4.16,NA,-4.16,NA,-12.71,4.38,35.3,35.3,3.563882963939251,4.159999999999999,0.9973653640879485,0.1,35.20699735230458,-0.5472067671283634,0.685402561187369,0.4433387530384353,FALSE,FALSE,FALSE,FALSE,TRUE
colobus guereza,Colobus guereza,Colobus guereza,colobus guereza,colobus guereza,1,1,1,FALSE,30,1,30,30,24.5,1,1,FALSE,primates,FALSE,arboreal,FALSE,5.15,NA,5.15,NA,-4.09,14.41,35,24.5,3.1986731175506815,5.1499999999999995,0.9959631112479873,0.1,24.40109622557569,-0.5472067671283634,-0.3826970492564261,-0.391397375830122,FALSE,FALSE,FALSE,FALSE,TRUE
colobus polykomos,Colobus polykomos,Colobus polykomos,colobus polykomos,colobus polykomos,1,1,1,FALSE,30,1,30,30,30.5,1,1,FALSE,primates,FALSE,arboreal,FALSE,9.06,NA,9.06,NA,4.35,13.78,33.9,30.5,3.417726683613366,9.06,0.9875239812756824,0.1,30.119481428908315,-0.5472067671283634,0.18253161019699082,0.07234491798574326,FALSE,FALSE,FALSE,FALSE,TRUE
erythrocebus patas,Erythrocebus patas,Erythrocebus patas,erythrocebus patas,erythrocebus patas,1,1,1,FALSE,40,1,40,40,23.9,1,1,FALSE,primates,FALSE,ground,FALSE,7.97,NA,7.97,NA,-3.98,19.93,30,23.9,3.173878458937465,7.970000000000001,0.9903408038596959,1,23.669145212246733,-0.043376146174809144,-0.4550460910468224,-0.43777160521170866,FALSE,FALSE,FALSE,FALSE,TRUE
eulemur coronatus,Eulemur coronatus,Eulemur coronatus,eulemur coronatus,eulemur coronatus,1,1,0,FALSE,30,1,30,30,18.4,1,1,FALSE,primates,FALSE,arboreal,FALSE,13.06,NA,-13.06,NA,-13.81,-12.3,27,18.4,2.91235066461494,13.06,0.9741339623769198,0.1,17.924064907735325,-0.5472067671283634,-1.022913403846723,-0.8628687078762519,FALSE,FALSE,FALSE,FALSE,TRUE
eulemur fulvus,Eulemur fulvus,Eulemur fulvus,eulemur fulvus,eulemur fulvus,1,1,0,FALSE,30,1,30,30,37,1,1,FALSE,primates,FALSE,arboreal,FALSE,16.64,NA,-16.64,NA,-19.99,-13.29,35.5,37,3.6109179126442243,16.64,0.9581228928381096,0.1,35.450547035010054,-0.5472067671283634,0.7094760112560511,0.5747324029529307,FALSE,FALSE,FALSE,FALSE,TRUE
eulemur macaco,Eulemur macaco,Eulemur macaco,eulemur macaco,eulemur macaco,1,1,0,FALSE,30,1,30,30,30,1,1,FALSE,primates,FALSE,arboreal,FALSE,13.94,NA,-13.94,NA,-14.58,-13.31,37.5,30,3.4011973816621555,13.94,0.9705485342222299,0.1,29.116456026666896,-0.5472067671283634,0.08338846342607464,0.03369972683442115,FALSE,FALSE,FALSE,FALSE,TRUE
eulemur mongoz,Eulemur mongoz,Eulemur mongoz,eulemur mongoz,eulemur mongoz,1,1,0,FALSE,20,1,20,20,30,1,1,FALSE,primates,FALSE,arboreal,FALSE,16.11,NA,-16.11,NA,-16.54,-15.68,36.2,30,3.4011973816621555,16.110000000000003,0.960730738986695,0.1,28.82192216960085,-1.0510373880819177,0.05427552834502012,0.03369972683442115,FALSE,FALSE,FALSE,FALSE,TRUE
eulemur rubriventer,Eulemur rubriventer,Eulemur rubriventer,eulemur rubriventer,eulemur rubriventer,1,1,0,FALSE,30,1,30,30,NA,0,1,FALSE,primates,FALSE,arboreal,FALSE,18.45,NA,-18.45,NA,-23.11,-13.8,31.7,31.7,3.456316680883235,18.45,0.9486001946255046,0.1,30.070626169628497,-0.5472067671283634,0.17770255588741274,0.16509337674891628,FALSE,FALSE,FALSE,FALSE,TRUE
gorilla gorilla,Gorilla gorilla,Gorilla gorilla,gorilla gorilla,gorilla gorilla,1,1,1,FALSE,10,1,10,10,54,1,1,FALSE,primates,FALSE,ground,FALSE,0.88,NA,0.88,NA,-6.05,7.82,60.1,54,3.9889840465642745,0.88,0.9998820544536569,1,53.99363094049747,-1.5548680090354718,2.5423505178427352,1.8886689020978824,FALSE,FALSE,FALSE,FALSE,TRUE
hapalemur griseus,Hapalemur griseus,Hapalemur griseus,hapalemur griseus,hapalemur griseus,1,1,0,FALSE,0,1,0,0,17.1,1,1,FALSE,primates,FALSE,arboreal,FALSE,19.45,NA,-19.45,NA,-25.16,-13.75,23.3,17.1,2.8390784635086144,19.45,0.9429324335619231,0.1,16.124144613908886,-2.058698629989026,-1.2008249118384557,-0.9633462048696891,FALSE,FALSE,FALSE,FALSE,TRUE
hylobates agilis,Hylobates agilis,Hylobates agilis,hylobates agilis,hylobates agilis,1,1,1,FALSE,70,1,70,70,44,1,1,FALSE,primates,FALSE,arboreal,FALSE,0.16,NA,0.16,NA,-5.94,6.27,49,44,3.784189633918261,0.16,0.9999961008995606,0.1,43.99982843958067,1.4681157166858536,1.554522068100779,1.1157650790714402,FALSE,FALSE,FALSE,FALSE,TRUE
hylobates klossii,Hylobates klossii,Hylobates klossii,hylobates klossii,hylobates klossii,1,1,1,FALSE,70,1,70,70,NA,0,1,FALSE,primates,FALSE,arboreal,FALSE,2.13,NA,-2.13,NA,-3.34,-0.91,37,37,3.6109179126442243,2.13,0.9993090701927474,0.1,36.97443559713165,1.4681157166858536,0.8601034101627216,0.5747324029529307,FALSE,FALSE,FALSE,FALSE,TRUE
hylobates lar,Hylobates lar,Hylobates lar,hylobates lar,hylobates lar,1,1,1,FALSE,70,1,70,70,40,1,1,FALSE,primates,FALSE,arboreal,FALSE,13.68,NA,13.68,NA,1.87,25.5,56,40,3.6888794541139363,13.68,0.971631732914674,0.1,38.86526931658696,1.4681157166858536,1.047001174215794,0.8066035498608634,FALSE,FALSE,FALSE,FALSE,TRUE
hylobates moloch,Hylobates moloch,Hylobates moloch,hylobates moloch,hylobates moloch,1,1,1,FALSE,70,1,70,70,NA,0,1,FALSE,primates,FALSE,arboreal,FALSE,7,NA,-7,NA,-7.52,-6.49,45,45,3.8066624897703196,7,0.992546151641322,0.1,44.66457682385949,1.4681157166858536,1.6202285262632632,1.1930554613740845,FALSE,FALSE,FALSE,FALSE,TRUE
hylobates muelleri,Hylobates muelleri,Hylobates muelleri,hylobates muelleri,hylobates muelleri,1,1,1,FALSE,70,1,70,70,NA,0,1,FALSE,primates,FALSE,arboreal,FALSE,1.13,NA,1.13,NA,-4.18,6.45,60,60,4.0943445622221,1.1300000000000001,0.9998055233121944,0.1,59.98833139873167,1.4681157166858536,3.1348913109774443,2.3524111959137475,FALSE,FALSE,FALSE,FALSE,TRUE
hylobates pileatus,Hylobates pileatus,Hylobates pileatus,hylobates pileatus,hylobates pileatus,1,1,1,FALSE,70,1,70,70,36,1,1,FALSE,primates,FALSE,arboreal,FALSE,12.92,NA,12.92,NA,10.48,15.35,38,36,3.58351893845611,12.92,0.9746832058153599,0.1,35.088595409352955,1.4681157166858536,0.6736992272720137,0.4974420206502865,FALSE,FALSE,FALSE,FALSE,TRUE
lagothrix lagotricha,Lagothrix lagotricha,Lagothrix lagotricha,lagothrix lagotricha,lagothrix lagotricha,1,1,0,FALSE,70,1,70,70,30,1,1,FALSE,primates,FALSE,arboreal,FALSE,0.02,NA,0.02,NA,-4.2,4.25,NA,30,3.4011973816621555,0.02,0.9999999390765166,0.1,29.9999981722955,1.4681157166858536,0.17072139480208667,0.03369972683442115,FALSE,FALSE,FALSE,FALSE,TRUE
lemur catta,Lemur catta,Lemur catta,lemur catta,lemur catta,1,1,0,FALSE,80,1,80,80,30,1,1,FALSE,primates,FALSE,scansorial,FALSE,23.05,NA,-23.05,NA,-25.6,-20.49,37.3,30,3.4011973816621555,23.05,0.9201635257593654,1,27.604905772780963,1.9719463376394077,-0.06601936646312155,0.03369972683442115,FALSE,FALSE,FALSE,FALSE,TRUE
leontopithecus chrysomelas,Leontopithecus chrysomelas,Leontopithecus chrysomelas,leontopithecus chrysomelas,leontopithecus chrysomelas,1,1,0,FALSE,50,1,50,50,NA,0,1,FALSE,primates,FALSE,arboreal,FALSE,15.01,NA,-15.01,NA,-16.03,-13.99,21.3,21.3,3.0587070727153796,15.01,0.965880639132367,0.1,20.573257613519417,0.46045447477874507,-0.7610563255842371,-0.6387265991985834,FALSE,FALSE,FALSE,FALSE,TRUE
leontopithecus chrysopygus,Leontopithecus chrysopygus,Leontopithecus chrysopygus,leontopithecus chrysopygus,leontopithecus chrysopygus,1,1,0,FALSE,50,1,50,50,NA,0,1,FALSE,primates,FALSE,arboreal,FALSE,21.99,NA,-21.99,NA,-23.58,-20.39,17.9,17.9,2.884800712846709,21.99,0.9272492216291858,0.1,16.597761067162423,0.46045447477874507,-1.1540107180671852,-0.901513899027574,FALSE,FALSE,FALSE,FALSE,TRUE
leontopithecus rosalia,Leontopithecus rosalia,Leontopithecus rosalia,leontopithecus rosalia,leontopithecus rosalia,1,1,0,FALSE,50,1,50,50,24.8,1,1,FALSE,primates,FALSE,arboreal,FALSE,22.1,NA,-22.1,NA,-22.99,-21.2,31.6,24.8,3.2108436531709366,22.1,0.9265286308718373,0.1,22.977910045621567,0.46045447477874507,-0.5233706114675352,-0.3682102611393287,FALSE,FALSE,FALSE,FALSE,TRUE
lophocebus albigena,Lophocebus albigena,Lophocebus albigena,lophocebus albigena,lophocebus albigena,1,1,1,FALSE,50,1,50,50,32.7,1,1,FALSE,primates,FALSE,arboreal,FALSE,0.22,NA,0.22,NA,-6.02,6.46,36,32.7,3.487375077903208,0.22,0.9999926282674982,0.1,32.699758944347195,0.46045447477874507,0.4375768282454953,0.24238375905156076,FALSE,FALSE,FALSE,FALSE,TRUE
lophocebus aterrimus,Lophocebus aterrimus,Lophocebus aterrimus,lophocebus aterrimus,lophocebus aterrimus,1,1,1,FALSE,40,1,40,40,26.8,1,1,FALSE,primates,FALSE,arboreal,FALSE,1.65,NA,-1.65,NA,-5.3,1.99,NA,26.8,3.288401887516811,1.6500000000000001,0.9995853681937397,0.1,26.788887867592223,-0.043376146174809144,-0.1466779248216967,-0.2136294965340403,FALSE,FALSE,FALSE,FALSE,TRUE
macaca arctoides,Macaca arctoides,Macaca arctoides,macaca arctoides,macaca arctoides,1,1,1,FALSE,30,1,30,30,30,1,1,FALSE,primates,FALSE,scansorial,FALSE,17.16,NA,17.16,NA,5.87,28.45,29.2,30,3.4011973816621555,17.16,0.9554845724739565,1,28.664537174218694,-0.5472067671283634,0.03871894955664226,0.03369972683442115,FALSE,FALSE,FALSE,FALSE,TRUE
macaca assamensis,Macaca assamensis,Macaca assamensis,macaca assamensis,macaca assamensis,1,1,1,FALSE,30,1,30,30,NA,0,1,FALSE,primates,FALSE,scansorial,FALSE,23.01,NA,23.01,NA,14.93,31.08,31.4,31.4,3.4468078929142076,23.01,0.9204366439858742,1,28.90171062115645,-0.5472067671283634,0.06216214631653293,0.14190626205812296,FALSE,FALSE,FALSE,FALSE,TRUE
macaca fascicularis,Macaca fascicularis,Macaca fascicularis,macaca fascicularis,macaca fascicularis,1,1,1,FALSE,40,1,40,40,38,1,1,FALSE,primates,FALSE,scansorial,FALSE,4.13,NA,4.13,NA,-10.37,18.65,39,38,3.6375861597263857,4.13,0.9974032102313197,1,37.90132198879015,-0.043376146174809144,0.9517206646837046,0.6520227852555749,FALSE,FALSE,FALSE,FALSE,TRUE
macaca fuscata,Macaca fuscata,Macaca fuscata,macaca fuscata,macaca fuscata,1,1,1,FALSE,30,1,30,30,33,1,1,FALSE,primates,FALSE,scansorial,FALSE,35.88,NA,35.88,NA,30.22,41.54,38.5,33,3.4965075614664802,35.879999999999995,0.8102462736564354,1,26.73812703066237,-0.5472067671283634,-0.15169533424592954,0.2655708737423538,FALSE,FALSE,FALSE,FALSE,TRUE
macaca maura,Macaca maura,Macaca maura,macaca maura,macaca maura,1,1,1,FALSE,30,1,30,30,NA,0,1,FALSE,primates,FALSE,scansorial,FALSE,4.98,NA,-4.98,NA,-5.7,-4.25,33,33,3.4965075614664802,4.98,0.996225060492936,1,32.87542699626689,-0.5472067671283634,0.4549405793683638,0.2655708737423538,FALSE,FALSE,FALSE,FALSE,TRUE
macaca mulatta,Macaca mulatta,Macaca mulatta,macaca mulatta,macaca mulatta,1,1,1,FALSE,30,1,30,30,36,1,1,FALSE,primates,FALSE,scansorial,FALSE,25.07,NA,25.07,NA,13.69,36.45,40,36,3.58351893845611,25.07,0.9057907851659387,1,32.60846826597379,-0.5472067671283634,0.4285532829747919,0.4974420206502865,FALSE,FALSE,FALSE,FALSE,TRUE
macaca nemestrina,Macaca nemestrina,Macaca nemestrina,macaca nemestrina,macaca nemestrina,1,1,1,FALSE,70,1,70,70,34.3,1,1,FALSE,primates,FALSE,scansorial,FALSE,3.04,NA,3.04,NA,-4.89,10.98,37.6,34.3,3.535145354171894,3.04,0.9985927540074452,1,34.25173146245537,1.4681157166858536,0.590980160607154,0.36604837073579105,FALSE,FALSE,FALSE,FALSE,TRUE
macaca nigra,Macaca nigra,Macaca nigra,macaca nigra,macaca nigra,1,1,1,FALSE,70,1,70,70,18,1,1,FALSE,primates,FALSE,scansorial,FALSE,1.01,NA,1.01,NA,0.27,1.75,34,18,2.8903717578961645,1.01,0.9998446339083082,1,17.99720341034955,1.4681157166858536,-1.0156840941172953,-0.8937848607973095,FALSE,FALSE,FALSE,FALSE,TRUE
macaca ochreata,Macaca ochreata,Macaca ochreata,macaca ochreata,macaca ochreata,1,1,1,FALSE,30,1,30,30,NA,0,1,FALSE,primates,FALSE,scansorial,FALSE,4.7,NA,-4.7,NA,-5.7,-3.7,29,29,3.367295829986474,4.7,0.9966373868180366,1,28.90248421772306,-0.5472067671283634,0.062238611775706255,-0.04359065546822307,FALSE,FALSE,FALSE,FALSE,TRUE
macaca pagensis,Macaca pagensis,Macaca pagensis,macaca pagensis,macaca pagensis,1,1,1,FALSE,60,1,60,60,30,1,1,FALSE,primates,FALSE,scansorial,FALSE,2.68,NA,-2.68,NA,-3.34,-2.02,NA,30,3.4011973816621555,2.68,0.9989062573590616,1,29.967187720771847,0.9642850957322994,0.16747827513257457,0.03369972683442115,FALSE,FALSE,FALSE,FALSE,TRUE
macaca radiata,Macaca radiata,Macaca radiata,macaca radiata,macaca radiata,1,1,1,FALSE,30,1,30,30,30,1,1,FALSE,primates,FALSE,scansorial,FALSE,14.59,NA,14.59,NA,8.06,21.12,30,30,3.4011973816621555,14.59,0.9677531501451416,1,29.03259450435425,-0.5472067671283634,0.07509924642668914,0.03369972683442115,FALSE,FALSE,FALSE,FALSE,TRUE
macaca silenus,Macaca silenus,Macaca silenus,macaca silenus,macaca silenus,1,1,1,FALSE,30,1,30,30,40,1,1,FALSE,primates,FALSE,scansorial,FALSE,13.19,NA,13.19,NA,10.21,16.17,40,40,3.6888794541139363,13.19,0.9736187427898355,1,38.94474971159342,-0.5472067671283634,1.0548573426138492,0.8066035498608634,FALSE,FALSE,FALSE,FALSE,TRUE
macaca sinica,Macaca sinica,Macaca sinica,macaca sinica,macaca sinica,1,1,1,FALSE,30,1,30,30,35,1,1,FALSE,primates,FALSE,scansorial,FALSE,7.87,NA,7.87,NA,5.91,9.83,29.3,35,3.5553480614894135,7.87,0.9905812932541447,1,34.670345263895065,-0.5472067671283634,0.6323576665643539,0.42015163834764224,FALSE,FALSE,FALSE,FALSE,TRUE
macaca sylvanus,Macaca sylvanus,Macaca sylvanus,macaca sylvanus,macaca sylvanus,1,1,1,FALSE,30,1,30,30,22,1,1,FALSE,primates,FALSE,scansorial,FALSE,34.21,NA,34.21,NA,31.5,36.92,30,22,3.091042453358316,34.21,0.82698245962176,1,18.19361411167872,-0.5472067671283634,-0.9962700544072923,-0.5846233315867326,FALSE,FALSE,FALSE,FALSE,TRUE
macaca thibetana,Macaca thibetana,Macaca thibetana,macaca thibetana,macaca thibetana,1,1,1,FALSE,30,1,30,30,NA,0,1,FALSE,primates,FALSE,scansorial,FALSE,28.38,NA,28.38,NA,23.72,33.04,27,27,3.295836866004329,28.38,0.8798145434409992,1,23.75499267290698,-0.5472067671283634,-0.4465605757516667,-0.1981714200735115,FALSE,FALSE,FALSE,FALSE,TRUE
macaca tonkeana,Macaca tonkeana,Macaca tonkeana,macaca tonkeana,macaca tonkeana,1,1,1,FALSE,30,1,30,30,NA,0,1,FALSE,primates,FALSE,scansorial,FALSE,1.1,NA,-1.1,NA,-3.57,1.35,28.4,28.4,3.3463891451671604,1.1,0.9998157121216442,1,28.394766224254695,-0.5472067671283634,0.012053681830578573,-0.0899648848498097,FALSE,FALSE,FALSE,FALSE,TRUE
mandrillus leucophaeus,Mandrillus leucophaeus,Mandrillus leucophaeus,mandrillus leucophaeus,mandrillus leucophaeus,1,1,1,FALSE,40,1,40,40,33.4,1,1,FALSE,primates,FALSE,scansorial,FALSE,5.21,NA,5.21,NA,3.2,7.22,39,33.4,3.5085558999826545,5.21,0.9958685650785236,1,33.26201007362269,-0.043376146174809144,0.49315203711588523,0.29648702666341137,FALSE,FALSE,FALSE,FALSE,TRUE
mandrillus sphinx,Mandrillus sphinx,Mandrillus sphinx,mandrillus sphinx,mandrillus sphinx,1,1,1,FALSE,40,1,40,40,46.33,1,1,FALSE,primates,FALSE,scansorial,FALSE,0.76,NA,-0.76,NA,-6.01,4.49,40,46.33,3.835789699428557,0.76,0.9999120277790478,1,46.32592424700328,-0.043376146174809144,1.7844429230693208,1.2958516698366012,FALSE,FALSE,FALSE,FALSE,TRUE
miopithecus talapoin,Miopithecus talapoin,Miopithecus talapoin,miopithecus talapoin,miopithecus talapoin,1,1,1,FALSE,50,1,50,50,30.9,1,1,FALSE,primates,FALSE,arboreal,FALSE,7.68,NA,-7.68,NA,-12.37,-3,27.7,30.9,3.4307561839036995,7.68,0.9910299093414927,0.1,30.622824198652122,0.46045447477874507,0.23228407507502236,0.10326107090680084,FALSE,FALSE,FALSE,FALSE,TRUE
nasalis larvatus,Nasalis larvatus,Nasalis larvatus,nasalis larvatus,nasalis larvatus,1,1,1,FALSE,20,1,20,20,21,1,1,FALSE,primates,FALSE,scansorial,FALSE,1.42,NA,1.42,NA,-4.18,7.03,25.1,21,3.044522437723423,1.42,0.9996929004370153,1,20.993550909177323,-1.0510373880819177,-0.7195128115265399,-0.6619137138893768,FALSE,FALSE,FALSE,FALSE,TRUE
nomascus concolor,Nomascus concolor,Nomascus concolor,nomascus concolor,nomascus concolor,1,1,1,FALSE,80,1,80,80,44.1,1,1,FALSE,primates,FALSE,arboreal,FALSE,22.7,NA,22.7,NA,20.09,25.32,46.1,44.1,3.7864597824528,22.7,0.9225380894562464,0.1,40.683929745020464,1.9719463376394077,1.2267650340140743,1.1234941173017048,FALSE,FALSE,FALSE,FALSE,TRUE
nomascus leucogenys,Nomascus leucogenys,Nomascus leucogenys,nomascus leucogenys,nomascus leucogenys,1,1,1,FALSE,80,1,80,80,NA,0,1,FALSE,primates,FALSE,arboreal,FALSE,20.91,NA,20.91,NA,18.07,23.75,44.1,44.1,3.7864597824528,20.91,0.9341421975660468,0.1,41.19567091266266,1.9719463376394077,1.2773476310040346,1.1234941173017048,FALSE,FALSE,FALSE,FALSE,TRUE
pan paniscus,Pan paniscus,Pan paniscus,pan paniscus,pan paniscus,1,1,1,FALSE,60,1,60,60,48,1,1,FALSE,primates,FALSE,scansorial,FALSE,1.66,NA,-1.66,NA,-5,1.67,55,48,3.871201010907891,1.6600000000000001,0.9995803274764746,1,47.97985571887078,0.9642850957322994,1.9479242968191448,1.4249266082820171,FALSE,FALSE,FALSE,FALSE,TRUE
pan troglodytes,Pan troglodytes,Pan troglodytes,pan troglodytes,pan troglodytes,1,1,1,FALSE,60,1,60,60,60,1,1,FALSE,primates,FALSE,scansorial,FALSE,2.2,NA,2.2,NA,-8.72,13.13,68,60,4.0943445622221,2.2,0.9992629164106211,1,59.955774984637266,0.9642850957322994,3.131673301409907,2.3524111959137475,FALSE,FALSE,FALSE,FALSE,TRUE
papio anubis,Papio anubis,Papio anubis,papio anubis,papio anubis,1,1,1,FALSE,20,1,20,20,25.2,1,1,FALSE,primates,FALSE,ground,FALSE,8.04,NA,8.04,NA,-5.8,21.89,NA,25.2,3.2268439945173775,8.04,0.990170666273471,1,24.952300790091467,-1.0510373880819177,-0.3282137281775514,-0.33729410821827116,FALSE,FALSE,FALSE,FALSE,TRUE
papio cynocephalus,Papio cynocephalus,Papio cynocephalus,papio cynocephalus,papio cynocephalus,1,1,1,FALSE,20,1,20,20,45,1,1,FALSE,primates,FALSE,ground,FALSE,5.96,NA,-5.96,NA,-18.92,6.99,NA,45,3.8066624897703196,5.96,0.9945946276372433,1,44.75675824367595,-1.0510373880819177,1.6293401160734429,1.1930554613740845,FALSE,FALSE,FALSE,FALSE,TRUE
papio hamadryas,Papio hamadryas,Papio hamadryas,papio hamadryas,papio hamadryas,1,1,1,FALSE,0,1,0,0,37.5,1,1,FALSE,primates,FALSE,ground,FALSE,12.72,NA,12.72,NA,8.03,17.42,37.5,37.5,3.624340932976365,12.719999999999999,0.9754577437121731,1,36.57966538920649,-2.058698629989026,0.8210827028330292,0.6133775941042527,FALSE,FALSE,FALSE,FALSE,TRUE
papio papio,Papio papio,Papio papio,papio papio,papio papio,1,1,1,FALSE,20,1,20,20,40,1,1,FALSE,primates,FALSE,ground,FALSE,10.83,NA,10.83,NA,8.51,13.16,NA,40,3.6888794541139363,10.83,0.9821890034564742,1,39.28756013825897,-1.0510373880819177,1.0887421319417696,0.8066035498608634,FALSE,FALSE,FALSE,FALSE,TRUE
papio ursinus,Papio ursinus,Papio ursinus,papio ursinus,papio ursinus,1,1,1,FALSE,40,1,40,40,45,1,1,FALSE,primates,FALSE,ground,FALSE,24.42,NA,-24.42,NA,-34.83,-14.01,NA,45,3.8066624897703196,24.419999999999998,0.9105394046779844,1,40.9742732105093,-0.043376146174809144,1.2554637735959537,1.1930554613740845,FALSE,FALSE,FALSE,FALSE,TRUE
phaner furcifer,Phaner furcifer,Phaner furcifer,phaner furcifer,phaner furcifer,1,1,0,FALSE,0,1,0,0,12,1,1,FALSE,primates,FALSE,arboreal,FALSE,15.35,NA,-15.35,NA,-15.93,-14.78,25,12,2.4849066497880004,15.350000000000001,0.9643267785343497,0.1,11.571921342412196,-2.058698629989026,-1.6507853404890425,-1.3575271546131749,FALSE,FALSE,FALSE,FALSE,TRUE
pithecia pithecia,Pithecia pithecia,Pithecia pithecia,pithecia pithecia,pithecia pithecia,1,1,0,FALSE,30,1,30,30,20.7,1,1,FALSE,primates,FALSE,arboreal,FALSE,2.92,NA,2.92,NA,-3.02,8.86,36,20.7,3.0301337002713233,2.92,0.9987016360714307,0.1,20.673123866678615,-0.5472067671283634,-0.7511851353109914,-0.6851008285801701,FALSE,FALSE,FALSE,FALSE,TRUE
pongo pygmaeus,Pongo pygmaeus,Pongo pygmaeus,pongo pygmaeus,pongo pygmaeus,1,1,1,FALSE,80,1,80,80,60,1,1,FALSE,primates,FALSE,arboreal,FALSE,1.33,NA,1.33,NA,-2.67,5.34,59,60,4.0943445622221,1.33,0.9997305932206075,0.1,59.98383559323645,1.9719463376394077,3.1344469271133173,2.3524111959137475,FALSE,FALSE,FALSE,FALSE,TRUE
presbytis melalophos,Presbytis melalophos,Presbytis melalophos,presbytis melalophos,presbytis melalophos,1,1,1,FALSE,40,1,40,40,16,1,1,FALSE,primates,FALSE,arboreal,FALSE,3.33,NA,-3.33,NA,-5.94,-0.73,20,16,2.772588722239781,3.3299999999999996,0.9983115393108354,0.1,15.972984628973366,-0.043376146174809144,-1.2157661850493455,-1.048365625402598,FALSE,FALSE,FALSE,FALSE,TRUE
propithecus diadema,Propithecus diadema,Propithecus diadema,propithecus diadema,propithecus diadema,1,1,0,FALSE,30,1,30,30,NA,0,1,FALSE,primates,FALSE,arboreal,FALSE,17,NA,-17,NA,-19.74,-14.26,21,21,3.044522437723423,17,0.9563047559630354,0.1,20.082399875223743,-0.5472067671283634,-0.8095747187203809,-0.6619137138893768,FALSE,FALSE,FALSE,FALSE,TRUE
propithecus tattersalli,Propithecus tattersalli,Propithecus tattersalli,propithecus tattersalli,propithecus tattersalli,1,1,0,FALSE,30,1,30,30,NA,0,1,FALSE,primates,FALSE,arboreal,FALSE,13.08,NA,-13.08,NA,-13.24,-12.93,20,20,2.995732273553991,13.08,0.9740550241708108,0.1,19.481100483416217,-0.5472067671283634,-0.869009618097822,-0.739204096192021,FALSE,FALSE,FALSE,FALSE,TRUE
propithecus verreauxi,Propithecus verreauxi,Propithecus verreauxi,propithecus verreauxi,propithecus verreauxi,1,1,0,FALSE,30,1,30,30,20.6,1,1,FALSE,primates,FALSE,arboreal,FALSE,22.63,NA,-22.63,NA,-25.58,-19.68,31,20.6,3.0252910757955354,22.630000000000003,0.9230088740101037,0.1,19.013982804608137,-0.5472067671283634,-0.9151814463345433,-0.6928298668104343,FALSE,FALSE,FALSE,FALSE,TRUE
pygathrix nemaeus,Pygathrix nemaeus,Pygathrix nemaeus,pygathrix nemaeus,pygathrix nemaeus,1,1,1,FALSE,20,1,20,20,25,1,1,FALSE,primates,FALSE,arboreal,FALSE,16.63,NA,16.63,NA,13.71,19.55,26,25,3.2188758248682006,16.630000000000003,0.9581728570278079,0.1,23.954321425695195,-1.0510373880819177,-0.4268581038609407,-0.35275218467879993,FALSE,FALSE,FALSE,FALSE,TRUE
rhinopithecus roxellana,Rhinopithecus roxellana,Rhinopithecus roxellana,rhinopithecus roxellana,rhinopithecus roxellana,1,1,1,FALSE,10,1,10,10,NA,0,1,FALSE,primates,FALSE,arboreal,FALSE,32.32,NA,32.32,NA,29.34,35.31,29.5,29.5,3.3843902633457743,32.32,0.8450752575720964,0.1,24.929720098376844,-1.5548680090354718,-0.33044569640871374,-0.00494546431690096,FALSE,FALSE,FALSE,FALSE,TRUE
saguinus bicolor,Saguinus bicolor,Saguinus bicolor,saguinus bicolor,saguinus bicolor,1,1,0,FALSE,30,1,30,30,NA,0,1,FALSE,primates,FALSE,arboreal,FALSE,1.74,NA,-1.74,NA,-3.18,-0.29,19,19,2.9444389791664403,1.74,0.9995389055889605,0.1,18.99123920619025,-0.5472067671283634,-0.9174295169327599,-0.8164944784946653,FALSE,FALSE,FALSE,FALSE,TRUE
saguinus fuscicollis,Saguinus fuscicollis,Saguinus fuscicollis,saguinus fuscicollis,saguinus fuscicollis,1,1,0,FALSE,30,1,30,30,24.5,1,1,FALSE,primates,FALSE,arboreal,FALSE,5.28,NA,-5.28,NA,-13.75,3.18,NA,24.5,3.1986731175506815,5.28,0.9957568809385692,0.1,24.396043582994945,-0.5472067671283634,-0.3831964731831225,-0.391397375830122,FALSE,FALSE,FALSE,FALSE,TRUE
saguinus geoffroyi,Saguinus geoffroyi,Saguinus geoffroyi,saguinus geoffroyi,saguinus geoffroyi,1,1,0,FALSE,30,1,30,30,NA,0,1,FALSE,primates,FALSE,arboreal,FALSE,6.88,NA,6.88,NA,4.12,9.63,20.5,20.5,3.0204248861443626,6.88,0.9927992171141706,0.1,20.352383950840498,-0.5472067671283634,-0.7828883847802167,-0.700558905040699,FALSE,FALSE,FALSE,FALSE,TRUE
saguinus imperator,Saguinus imperator,Saguinus imperator,saguinus imperator,saguinus imperator,1,1,0,FALSE,30,1,30,30,20.2,1,1,FALSE,primates,FALSE,arboreal,FALSE,9.23,NA,-9.23,NA,-11.63,-6.83,23.7,20.2,3.005682604407159,9.229999999999999,0.9870524161681935,0.1,19.93845880659751,-0.5472067671283634,-0.8238024446197278,-0.7237460197314922,FALSE,FALSE,FALSE,FALSE,TRUE
saguinus leucopus,Saguinus leucopus,Saguinus leucopus,saguinus leucopus,saguinus leucopus,1,1,0,FALSE,30,1,30,30,NA,0,1,FALSE,primates,FALSE,arboreal,FALSE,6.3,NA,6.3,NA,3.82,8.78,15.2,15.2,2.7212954278522306,6.3,0.9939609554551797,0.1,15.108206522918731,-0.5472067671283634,-1.3012444017537848,-1.1101979312447132,FALSE,FALSE,FALSE,FALSE,TRUE
saguinus midas,Saguinus midas,Saguinus midas,saguinus midas,saguinus midas,1,1,0,FALSE,30,1,30,30,15.4,1,1,FALSE,primates,FALSE,arboreal,FALSE,0.17,NA,-0.17,NA,-8.37,8.02,21,15.4,2.7343675094195836,0.17,0.9999955982815133,0.1,15.399932213535305,-0.5472067671283634,-1.2724090373681833,-1.0947398547841845,FALSE,FALSE,FALSE,FALSE,TRUE
saguinus mystax,Saguinus mystax,Saguinus mystax,saguinus mystax,saguinus mystax,1,1,0,FALSE,30,1,30,30,NA,0,1,FALSE,primates,FALSE,arboreal,FALSE,6.23,NA,-6.23,NA,-9.82,-2.65,20,20,2.995732273553991,6.23,0.9940942793684235,0.1,19.881885587368473,-0.5472067671283634,-0.8293943737620944,-0.739204096192021,FALSE,FALSE,FALSE,FALSE,TRUE
saguinus oedipus,Saguinus oedipus,Saguinus oedipus,saguinus oedipus,saguinus oedipus,1,1,0,FALSE,30,1,30,30,23.1,1,1,FALSE,primates,FALSE,arboreal,FALSE,9.22,NA,9.22,NA,7.42,11.02,26.2,23.1,3.139832617527748,9.219999999999999,0.987080395871597,0.1,22.801557144633893,-0.5472067671283634,-0.5408020558826284,-0.49960391105382385,FALSE,FALSE,FALSE,FALSE,TRUE
saimiri boliviensis,Saimiri boliviensis,Saimiri boliviensis,saimiri boliviensis,saimiri boliviensis,1,1,0,FALSE,20,1,20,20,NA,0,1,FALSE,primates,FALSE,arboreal,FALSE,11.05,NA,-11.05,NA,-19.4,-2.7,30.3,30.3,3.4111477125153233,11.05,0.9814602974323101,0.1,29.738247012198997,-1.0510373880819177,0.14484883601652274,0.05688684152521447,FALSE,FALSE,FALSE,FALSE,TRUE
saimiri sciureus,Saimiri sciureus,Saimiri sciureus,saimiri sciureus,saimiri sciureus,1,1,0,FALSE,20,1,20,20,27,1,1,FALSE,primates,FALSE,arboreal,FALSE,0.64,NA,-0.64,NA,-8.91,7.61,30.2,27,3.295836866004329,0.64,0.9999376150010865,0.1,26.998315605029333,-1.0510373880819177,-0.1259772278460973,-0.1981714200735115,FALSE,FALSE,FALSE,FALSE,TRUE
semnopithecus entellus,Semnopithecus entellus,Semnopithecus entellus,semnopithecus entellus,semnopithecus entellus,1,1,1,FALSE,10,1,10,10,25,1,1,FALSE,primates,FALSE,scansorial,FALSE,23.49,NA,23.49,NA,17.03,29.95,29,25,3.2188758248682006,23.49,0.9171296552585672,1,22.92824138146418,-1.5548680090354718,-0.5282800660530991,-0.35275218467879993,FALSE,FALSE,FALSE,FALSE,TRUE
symphalangus syndactylus,Symphalangus syndactylus,Symphalangus syndactylus,symphalangus syndactylus,symphalangus syndactylus,1,1,1,FALSE,80,1,80,80,38,1,1,FALSE,primates,FALSE,arboreal,FALSE,0.14,NA,0.14,NA,-5.36,5.65,43,38,3.6375861597263857,0.14,0.9999970147507714,0.1,37.99988656052931,1.9719463376394077,0.9614631914238161,0.6520227852555749,FALSE,FALSE,FALSE,FALSE,TRUE
theropithecus gelada,Theropithecus gelada,Theropithecus gelada,theropithecus gelada,theropithecus gelada,1,1,1,FALSE,0,1,0,0,28,1,1,FALSE,primates,FALSE,ground,FALSE,10.95,NA,10.95,NA,7.71,14.2,36,28,3.332204510175204,10.950000000000001,0.9817933219112157,1,27.49021301351404,-2.058698629989026,-0.0773560694420806,-0.12088103777086728,FALSE,FALSE,FALSE,FALSE,TRUE
trachypithecus auratus,Trachypithecus auratus,Trachypithecus auratus,trachypithecus auratus,trachypithecus auratus,1,1,1,FALSE,30,1,30,30,NA,0,1,FALSE,primates,FALSE,arboreal,FALSE,7.41,NA,-7.41,NA,-8.96,-5.87,31.1,31.1,3.4372078191851885,7.41,0.9916486682069655,0.1,30.84027358123663,-0.5472067671283634,0.25377766437460025,0.1187191473673299,FALSE,FALSE,FALSE,FALSE,TRUE
trachypithecus cristatus,Trachypithecus cristatus,Trachypithecus cristatus,trachypithecus cristatus,trachypithecus cristatus,1,1,1,FALSE,30,1,30,30,31.1,1,1,FALSE,primates,FALSE,arboreal,FALSE,0.54,NA,0.54,NA,-5.94,7.03,28.3,31.1,3.4372078191851885,0.54,0.9999555871089498,0.1,31.098618759088343,-0.5472067671283634,0.27931356189830614,0.1187191473673299,FALSE,FALSE,FALSE,FALSE,TRUE
trachypithecus francoisi,Trachypithecus francoisi,Trachypithecus francoisi,trachypithecus francoisi,trachypithecus francoisi,1,1,1,FALSE,30,1,30,30,NA,0,1,FALSE,primates,FALSE,arboreal,FALSE,22.9,NA,22.9,NA,17.21,28.59,26.3,26.3,3.269568939183719,22.9,0.9211854055657213,0.1,24.22717616637847,-0.5472067671283634,-0.3998880216055452,-0.2522746876853624,FALSE,FALSE,FALSE,FALSE,TRUE
trachypithecus obscurus,Trachypithecus obscurus,Trachypithecus obscurus,trachypithecus obscurus,trachypithecus obscurus,1,1,1,FALSE,30,1,30,30,25,1,1,FALSE,primates,FALSE,arboreal,FALSE,6.82,NA,6.82,NA,1.26,12.38,33.9,25,3.2188758248682006,6.819999999999999,0.9929241168305712,0.1,24.82310292076428,-0.5472067671283634,-0.3409841757580124,-0.35275218467879993,FALSE,FALSE,FALSE,FALSE,TRUE
trachypithecus phayrei,Trachypithecus phayrei,Trachypithecus phayrei,trachypithecus phayrei,trachypithecus phayrei,1,1,1,FALSE,30,1,30,30,NA,0,1,FALSE,primates,FALSE,arboreal,FALSE,20.48,NA,20.48,NA,14.35,26.62,28.3,28.3,3.342861804649192,20.479999999999997,0.9367943776179378,0.1,26.51128088658764,-0.5472067671283634,-0.17411773801173552,-0.09769392308007396,FALSE,FALSE,FALSE,FALSE,TRUE
trachypithecus pileatus,Trachypithecus pileatus,Trachypithecus pileatus,trachypithecus pileatus,trachypithecus pileatus,1,1,1,FALSE,30,1,30,30,NA,0,1,FALSE,primates,FALSE,arboreal,FALSE,24.83,NA,24.83,NA,21.21,28.44,25.2,25.2,3.2268439945173775,24.830000000000002,0.9075577295099808,0.1,22.870454783651518,-0.5472067671283634,-0.5339919305138894,-0.33729410821827116,FALSE,FALSE,FALSE,FALSE,TRUE
trachypithecus vetulus,Trachypithecus vetulus,Trachypithecus vetulus,trachypithecus vetulus,trachypithecus vetulus,1,1,1,FALSE,30,1,30,30,23,1,1,FALSE,primates,FALSE,arboreal,FALSE,8.03,NA,8.03,NA,6.24,9.83,NA,23,3.1354942159291497,8.03,0.9901950621358374,0.1,22.77448642912426,-0.5472067671283634,-0.5434778364909437,-0.5073329492840883,FALSE,FALSE,FALSE,FALSE,TRUE
varecia rubra,Varecia rubra,Varecia rubra,varecia rubra,varecia rubra,1,1,0,FALSE,90,1,90,90,NA,0,1,FALSE,primates,FALSE,arboreal,FALSE,15.44,NA,-15.44,NA,-15.99,-14.88,37.5,37.5,3.624340932976365,15.44,0.9639097761610175,0.1,36.14661660603816,2.475776958592962,0.7782783840464041,0.6133775941042527,FALSE,FALSE,FALSE,FALSE,TRUE
varecia variegata,Varecia variegata,Varecia variegata,varecia variegata,varecia variegata,1,1,0,FALSE,100,1,100,100,32,1,1,FALSE,primates,FALSE,arboreal,FALSE,19.18,NA,-19.18,NA,-23.26,-15.11,40,32,3.4657359027997265,19.18,0.9444911088161634,0.1,30.22371548211723,2.9796075795465162,0.19283453175084736,0.1882804914397096,FALSE,FALSE,FALSE,FALSE,TRUE
ateles chamek,Ateles chamek,Ateles chamek,ateles chamek,ateles chamek,1,1,0,FALSE,60,1,60,60,NA,0,1,FALSE,primates,FALSE,arboreal,FALSE,7.01,NA,-7.01,NA,-11.43,-2.58,42.8,42.8,3.756538102587751,7.01,0.992524866311091,0.1,42.480064278114696,0.9642850957322994,1.4043023418797942,1.023016620308267,FALSE,FALSE,FALSE,FALSE,TRUE
callithrix kuhlii,Callithrix kuhlii,Callithrix kuhlii,callithrix kuhlii,callithrix kuhlii,1,1,0,FALSE,30,1,30,30,NA,0,1,FALSE,primates,FALSE,arboreal,FALSE,15.62,NA,-15.62,NA,-16.84,-14.4,20,20,2.995732273553991,15.62,0.9630686373944737,0.1,19.261372747889475,-0.5472067671283634,-0.8907284091516557,-0.739204096192021,FALSE,FALSE,FALSE,FALSE,TRUE
cebus nigritus,Cebus nigritus,Cebus nigritus,cebus nigritus,cebus nigritus,1,1,0,FALSE,40,1,40,40,44,1,1,FALSE,primates,FALSE,arboreal,FALSE,23.1,NA,-23.1,NA,-29.8,-16.41,NA,44,3.784189633918261,23.1,0.9198214973217377,0.1,40.47214588215646,-0.043376146174809144,1.2058314479326884,1.1157650790714402,FALSE,FALSE,FALSE,FALSE,TRUE
saguinus labiatus,Saguinus labiatus,Saguinus labiatus,saguinus labiatus,saguinus labiatus,1,1,0,FALSE,30,1,30,30,NA,0,1,FALSE,primates,FALSE,arboreal,FALSE,6.4,NA,-6.4,NA,-11.07,-1.74,20.5,20.5,3.0204248861443626,6.4,0.9937679191605964,0.1,20.372242342792227,-0.5472067671283634,-0.7809254998288436,-0.700558905040699,FALSE,FALSE,FALSE,FALSE,TRUE
saguinus nigricollis,Saguinus nigricollis,Saguinus nigricollis,saguinus nigricollis,saguinus nigricollis,1,1,0,FALSE,30,1,30,30,15.2,1,1,FALSE,primates,FALSE,arboreal,FALSE,3.04,NA,-3.04,NA,-4.25,-1.83,NA,15.2,2.7212954278522306,3.04,0.9985927540074452,0.1,15.178609860913166,-0.5472067671283634,-1.294285446919394,-1.1101979312447132,FALSE,FALSE,FALSE,FALSE,TRUE
cercocebus atys,Cercocebus atys,Cercocebus atys,cercocebus atys,cercocebus atys,1,1,1,FALSE,40,1,40,40,26.8,1,1,FALSE,primates,FALSE,arboreal,FALSE,7.92,NA,7.92,NA,4.35,11.49,NA,26.8,3.288401887516811,7.92,0.9904614256966512,0.1,26.54436620867025,-0.043376146174809144,-0.1708474490082177,-0.2136294965340403,FALSE,FALSE,FALSE,FALSE,TRUE
prolemur simus,Prolemur simus,Prolemur simus,prolemur simus,prolemur simus,1,1,0,FALSE,10,1,10,10,12,1,1,FALSE,primates,FALSE,arboreal,FALSE,21.76,NA,-21.76,NA,-22.87,-20.65,17.6,12,2.4849066497880004,21.759999999999998,0.9287448642521512,0.1,11.144938371025814,-1.5548680090354718,-1.6929900895474848,-1.3575271546131749,FALSE,FALSE,FALSE,FALSE,TRUE
chiropotes albinasus,Chiropotes albinasus,Chiropotes albinasus,chiropotes albinasus,chiropotes albinasus,1,1,0,FALSE,40,1,40,40,17,1,1,FALSE,primates,FALSE,arboreal,FALSE,8.41,NA,-8.41,NA,-15.04,-1.78,20,17,2.833213344056216,8.41,0.9892468215973416,0.1,16.817195967154806,-0.043376146174809144,-1.132320872079247,-0.9710752430999536,FALSE,FALSE,FALSE,FALSE,TRUE
pithecia aequatorialis,Pithecia aequatorialis,Pithecia aequatorialis,pithecia aequatorialis,pithecia aequatorialis,1,1,0,FALSE,30,1,30,30,14.9,1,1,FALSE,primates,FALSE,arboreal,FALSE,2.46,NA,-2.46,NA,-4.44,-0.48,NA,14.9,2.7013612129514133,2.46,0.9990784301944899,0.1,14.8862686098979,-0.5472067671283634,-1.323181655820815,-1.1333850459355066,FALSE,FALSE,FALSE,FALSE,TRUE
pithecia monachus,Pithecia monachus,Pithecia monachus,pithecia monachus,pithecia monachus,1,1,0,FALSE,30,1,30,30,24.6,1,1,FALSE,primates,FALSE,arboreal,FALSE,6.29,NA,-6.29,NA,-14.05,1.47,25,24.6,3.202746442938317,6.29,0.9939800925665009,0.1,24.451910277135923,-0.5472067671283634,-0.37767437987975505,-0.3836683375998575,FALSE,FALSE,FALSE,FALSE,TRUE
